CREATE DATABASE  IF NOT EXISTS `db_course_work02_tatsiy` /*!40100 DEFAULT CHARACTER SET utf8mb4 COLLATE utf8mb4_0900_ai_ci */ /*!80016 DEFAULT ENCRYPTION='N' */;
USE `db_course_work02_tatsiy`;
-- MySQL dump 10.13  Distrib 8.0.31, for Win64 (x86_64)
--
-- Host: localhost    Database: db_course_work02_tatsiy
-- ------------------------------------------------------
-- Server version	8.0.31

/*!40101 SET @OLD_CHARACTER_SET_CLIENT=@@CHARACTER_SET_CLIENT */;
/*!40101 SET @OLD_CHARACTER_SET_RESULTS=@@CHARACTER_SET_RESULTS */;
/*!40101 SET @OLD_COLLATION_CONNECTION=@@COLLATION_CONNECTION */;
/*!50503 SET NAMES utf8 */;
/*!40103 SET @OLD_TIME_ZONE=@@TIME_ZONE */;
/*!40103 SET TIME_ZONE='+00:00' */;
/*!40014 SET @OLD_UNIQUE_CHECKS=@@UNIQUE_CHECKS, UNIQUE_CHECKS=0 */;
/*!40014 SET @OLD_FOREIGN_KEY_CHECKS=@@FOREIGN_KEY_CHECKS, FOREIGN_KEY_CHECKS=0 */;
/*!40101 SET @OLD_SQL_MODE=@@SQL_MODE, SQL_MODE='NO_AUTO_VALUE_ON_ZERO' */;
/*!40111 SET @OLD_SQL_NOTES=@@SQL_NOTES, SQL_NOTES=0 */;

--
-- Table structure for table `brands`
--

DROP TABLE IF EXISTS `brands`;
/*!40101 SET @saved_cs_client     = @@character_set_client */;
/*!50503 SET character_set_client = utf8mb4 */;
CREATE TABLE `brands` (
  `id` int unsigned NOT NULL AUTO_INCREMENT,
  `name_brand` varchar(45) COLLATE utf8mb4_unicode_ci NOT NULL,
  `created_at` timestamp NULL DEFAULT NULL,
  `updated_at` timestamp NULL DEFAULT NULL,
  PRIMARY KEY (`id`)
) ENGINE=InnoDB AUTO_INCREMENT=31 DEFAULT CHARSET=utf8mb4 COLLATE=utf8mb4_unicode_ci;
/*!40101 SET character_set_client = @saved_cs_client */;

--
-- Dumping data for table `brands`
--

LOCK TABLES `brands` WRITE;
/*!40000 ALTER TABLE `brands` DISABLE KEYS */;
INSERT INTO `brands` VALUES (1,'МФО ВекторСервисМетал','2023-04-17 07:18:20','2023-04-17 07:18:20'),(2,'ПАО Микро','2023-04-17 07:18:20','2023-04-17 07:18:20'),(3,'ООО ТомскРыбИнфо','2023-04-17 07:18:20','2023-04-17 07:18:20'),(4,'ПАО ЛенМорТекстильПром','2023-04-17 07:18:20','2023-04-17 07:18:20'),(5,'ООО Компания РечМетизТех','2023-04-17 07:18:20','2023-04-17 07:18:20'),(6,'ООО АвтоРосТрансПроф','2023-04-17 07:18:20','2023-04-17 07:18:20'),(7,'ООО АвтоТомскБух','2023-04-17 07:18:20','2023-04-17 07:18:20'),(8,'МФО ГлавОбл','2023-04-17 07:18:20','2023-04-17 07:18:20'),(9,'ПАО СантехФлотГазСнаб','2023-04-17 07:18:20','2023-04-17 07:18:20'),(10,'МФО ОблОмскМетал','2023-04-17 07:18:20','2023-04-17 07:18:20'),(11,'ООО МоторОблМонтаж','2023-04-17 07:18:20','2023-04-17 07:18:20'),(12,'ООО Компания ОмскТверьЛенЛизинг','2023-04-17 07:18:20','2023-04-17 07:18:20'),(13,'ПАО ОблГорСтройЛизинг','2023-04-17 07:18:20','2023-04-17 07:18:20'),(14,'МКК Радио','2023-04-17 07:18:20','2023-04-17 07:18:20'),(15,'МКК Реч','2023-04-17 07:18:20','2023-04-17 07:18:20'),(16,'ООО Компания ВодТверьМобайл-H','2023-04-17 07:18:20','2023-04-17 07:18:20'),(17,'ПАО ТелекомИнфоСтройПроф','2023-04-17 07:18:20','2023-04-17 07:18:20'),(18,'МКК Текстиль','2023-04-17 07:18:20','2023-04-17 07:18:20'),(19,'ПАО МоторМонтажВостокТрест','2023-04-17 07:18:20','2023-04-17 07:18:20'),(20,'ОАО ИнжСевер','2023-04-17 07:18:20','2023-04-17 07:18:20'),(21,'ОАО ТелеЖелДорМотор','2023-04-17 07:18:20','2023-04-17 07:18:20'),(22,'ООО ТелекомКрепКазБанк','2023-04-17 07:18:20','2023-04-17 07:18:20'),(23,'МФО Мяс','2023-04-17 07:18:20','2023-04-17 07:18:20'),(24,'ОАО РадиоЮпитерРем','2023-04-17 07:18:20','2023-04-17 07:18:20'),(25,'ОАО ФинансЛифтТеле','2023-04-17 07:18:20','2023-04-17 07:18:20'),(26,'ПАО ТрансГор','2023-04-17 07:18:20','2023-04-17 07:18:20'),(27,'МКК РадиоТех','2023-04-17 07:18:20','2023-04-17 07:18:20'),(28,'МФО Вектор','2023-04-17 07:18:20','2023-04-17 07:18:20'),(29,'ОАО КазТверьАсбоцемент','2023-04-17 07:18:20','2023-04-17 07:18:20'),(30,'ООО БухМонтаж','2023-04-17 07:18:20','2023-04-17 07:18:20');
/*!40000 ALTER TABLE `brands` ENABLE KEYS */;
UNLOCK TABLES;

--
-- Table structure for table `cars`
--

DROP TABLE IF EXISTS `cars`;
/*!40101 SET @saved_cs_client     = @@character_set_client */;
/*!50503 SET character_set_client = utf8mb4 */;
CREATE TABLE `cars` (
  `id` int unsigned NOT NULL AUTO_INCREMENT,
  `year_of_release` int NOT NULL,
  `state_number` varchar(9) COLLATE utf8mb4_unicode_ci NOT NULL,
  `brand_id` int unsigned NOT NULL,
  `color_id` int unsigned NOT NULL,
  `client_id` int unsigned NOT NULL,
  `created_at` timestamp NULL DEFAULT NULL,
  `updated_at` timestamp NULL DEFAULT NULL,
  PRIMARY KEY (`id`),
  KEY `cars_brand_id_foreign` (`brand_id`),
  KEY `cars_color_id_foreign` (`color_id`),
  KEY `cars_client_id_foreign` (`client_id`),
  CONSTRAINT `cars_brand_id_foreign` FOREIGN KEY (`brand_id`) REFERENCES `brands` (`id`),
  CONSTRAINT `cars_client_id_foreign` FOREIGN KEY (`client_id`) REFERENCES `clients` (`id`),
  CONSTRAINT `cars_color_id_foreign` FOREIGN KEY (`color_id`) REFERENCES `colors` (`id`)
) ENGINE=InnoDB AUTO_INCREMENT=71 DEFAULT CHARSET=utf8mb4 COLLATE=utf8mb4_unicode_ci;
/*!40101 SET character_set_client = @saved_cs_client */;

--
-- Dumping data for table `cars`
--

LOCK TABLES `cars` WRITE;
/*!40000 ALTER TABLE `cars` DISABLE KEYS */;
INSERT INTO `cars` VALUES (1,2015,'D627JA480',22,8,17,'2023-04-17 07:18:20','2023-04-17 07:18:20'),(2,2013,'J236JS628',27,2,4,'2023-04-17 07:18:20','2023-04-17 07:18:20'),(3,2020,'H055NU906',6,7,12,'2023-04-17 07:18:20','2023-04-17 07:18:20'),(4,2017,'W106FS894',10,6,22,'2023-04-17 07:18:20','2023-04-17 07:18:20'),(5,2013,'U275OR428',5,11,20,'2023-04-17 07:18:20','2023-04-17 07:18:20'),(6,2009,'N610QQ644',20,8,15,'2023-04-17 07:18:20','2023-04-17 07:18:20'),(7,2016,'U271WP053',17,7,6,'2023-04-17 07:18:20','2023-04-17 07:18:20'),(8,2006,'P676LN555',3,13,11,'2023-04-17 07:18:20','2023-04-17 07:18:20'),(9,2017,'K915JQ177',15,2,29,'2023-04-17 07:18:20','2023-04-17 07:18:20'),(10,2023,'M000UP928',29,5,10,'2023-04-17 07:18:20','2023-04-17 07:18:20'),(11,2005,'C518HG852',7,20,16,'2023-04-17 07:18:20','2023-04-17 07:18:20'),(12,2011,'I626IJ952',26,17,18,'2023-04-17 07:18:20','2023-04-17 07:18:20'),(13,2004,'N709TK480',25,15,9,'2023-04-17 07:18:20','2023-04-17 07:18:20'),(14,2019,'T898IJ715',8,5,7,'2023-04-17 07:18:20','2023-04-17 07:18:20'),(15,2000,'E862LC893',2,16,21,'2023-04-17 07:18:20','2023-04-17 07:18:20'),(16,2018,'J047VG992',15,13,2,'2023-04-17 07:18:20','2023-04-17 07:18:20'),(17,2019,'I948SI326',30,6,12,'2023-04-17 07:18:20','2023-04-17 07:18:20'),(18,2019,'F151SO438',15,7,1,'2023-04-17 07:18:20','2023-04-17 07:18:20'),(19,2000,'H238NA740',15,18,13,'2023-04-17 07:18:20','2023-04-17 07:18:20'),(20,2011,'B358KV900',18,5,16,'2023-04-17 07:18:20','2023-04-17 07:18:20'),(21,2009,'F792TH327',29,2,21,'2023-04-17 07:18:20','2023-04-17 07:18:20'),(22,2009,'O259HJ920',9,16,24,'2023-04-17 07:18:20','2023-04-17 07:18:20'),(23,2010,'I764OQ550',18,7,16,'2023-04-17 07:18:20','2023-04-17 07:18:20'),(24,2018,'G890II181',18,5,21,'2023-04-17 07:18:20','2023-04-17 07:18:20'),(25,2022,'S542MN405',12,2,2,'2023-04-17 07:18:20','2023-04-17 07:18:20'),(26,2006,'V353HG260',6,1,18,'2023-04-17 07:18:20','2023-04-17 07:18:20'),(27,2023,'L290MQ760',3,15,17,'2023-04-17 07:18:20','2023-04-17 07:18:20'),(28,2016,'W292BV112',23,3,19,'2023-04-17 07:18:20','2023-04-17 07:18:20'),(29,2023,'O594HH255',20,3,21,'2023-04-17 07:18:20','2023-04-17 07:18:20'),(30,2009,'K098HD833',28,9,30,'2023-04-17 07:18:20','2023-04-17 07:18:20'),(31,2017,'W009EH154',7,11,6,'2023-04-17 07:18:20','2023-04-17 07:18:20'),(32,2008,'M162CP647',18,20,21,'2023-04-17 07:18:20','2023-04-17 07:18:20'),(33,2002,'P171HH697',5,19,1,'2023-04-17 07:18:20','2023-04-17 07:18:20'),(34,2016,'O083KT292',8,1,30,'2023-04-17 07:18:20','2023-04-17 07:18:20'),(35,2020,'E076LA310',25,17,12,'2023-04-17 07:18:20','2023-04-17 07:18:20'),(36,2000,'N457ED603',25,3,25,'2023-04-17 07:18:20','2023-04-17 07:18:20'),(37,2003,'V775NR923',11,4,7,'2023-04-17 07:18:20','2023-04-17 07:18:20'),(38,2016,'L141TD473',4,15,11,'2023-04-17 07:18:20','2023-04-17 07:18:20'),(39,2004,'V750CE883',29,1,20,'2023-04-17 07:18:20','2023-04-17 07:18:20'),(40,2022,'V822WH423',11,1,19,'2023-04-17 07:18:20','2023-04-17 07:18:20'),(41,2021,'G510GP313',27,17,5,'2023-04-17 07:18:20','2023-04-17 07:18:20'),(42,2014,'Q507DR414',14,6,2,'2023-04-17 07:18:20','2023-04-17 07:18:20'),(43,2020,'S393WD859',4,13,8,'2023-04-17 07:18:20','2023-04-17 07:18:20'),(44,2013,'D799QR914',14,2,7,'2023-04-17 07:18:20','2023-04-17 07:18:20'),(45,2016,'N135DN182',2,17,7,'2023-04-17 07:18:20','2023-04-17 07:18:20'),(46,2011,'V260OQ096',24,5,26,'2023-04-17 07:18:20','2023-04-17 07:18:20'),(47,2017,'J916JA656',29,3,19,'2023-04-17 07:18:20','2023-04-17 07:18:20'),(48,2008,'A477GO238',25,11,26,'2023-04-17 07:18:20','2023-04-17 07:18:20'),(49,2001,'L561AO273',8,1,29,'2023-04-17 07:18:20','2023-04-17 07:18:20'),(50,2004,'P193LS680',4,16,20,'2023-04-17 07:18:20','2023-04-17 07:18:20'),(51,2018,'D501SB043',29,4,11,'2023-04-17 07:18:20','2023-04-17 07:18:20'),(52,2017,'C475VQ886',2,16,11,'2023-04-17 07:18:20','2023-04-17 07:18:20'),(53,2005,'B792RP685',11,14,16,'2023-04-17 07:18:20','2023-04-17 07:18:20'),(54,2007,'V153AQ938',28,2,4,'2023-04-17 07:18:20','2023-04-17 07:18:20'),(55,2016,'R658OL156',20,12,22,'2023-04-17 07:18:20','2023-04-17 07:18:20'),(56,2012,'F320WB311',28,7,24,'2023-04-17 07:18:20','2023-04-17 07:18:20'),(57,2004,'T599QD645',15,12,22,'2023-04-17 07:18:20','2023-04-17 07:18:20'),(58,2012,'F268WU946',8,17,5,'2023-04-17 07:18:20','2023-04-17 07:18:20'),(59,2022,'T599JN559',19,7,22,'2023-04-17 07:18:20','2023-04-17 07:18:20'),(60,2018,'E089SE268',1,7,15,'2023-04-17 07:18:20','2023-04-17 07:18:20'),(61,2002,'G353HT394',15,19,6,'2023-04-17 07:18:20','2023-04-17 07:18:20'),(62,2012,'G137KB821',23,17,9,'2023-04-17 07:18:20','2023-04-17 07:18:20'),(63,2021,'D755RD478',12,13,13,'2023-04-17 07:18:20','2023-04-17 07:18:20'),(64,2008,'V647MH397',29,19,28,'2023-04-17 07:18:20','2023-04-17 07:18:20'),(65,2023,'D324HK229',17,14,9,'2023-04-17 07:18:20','2023-04-17 07:18:20'),(66,2010,'B749OK734',16,9,10,'2023-04-17 07:18:20','2023-04-17 07:18:20'),(67,2004,'L645ON242',17,5,15,'2023-04-17 07:18:20','2023-04-17 07:18:20'),(68,2020,'L179TM222',27,13,4,'2023-04-17 07:18:20','2023-04-17 07:18:20'),(69,2011,'K596NB659',30,13,18,'2023-04-17 07:18:20','2023-04-17 07:18:20'),(70,2011,'C988GB134',29,5,27,'2023-04-17 07:18:20','2023-04-17 07:18:20');
/*!40000 ALTER TABLE `cars` ENABLE KEYS */;
UNLOCK TABLES;

--
-- Table structure for table `clients`
--

DROP TABLE IF EXISTS `clients`;
/*!40101 SET @saved_cs_client     = @@character_set_client */;
/*!50503 SET character_set_client = utf8mb4 */;
CREATE TABLE `clients` (
  `id` int unsigned NOT NULL AUTO_INCREMENT,
  `passport` varchar(10) COLLATE utf8mb4_unicode_ci NOT NULL,
  `registration` varchar(255) COLLATE utf8mb4_unicode_ci NOT NULL,
  `date_of_birth` date NOT NULL,
  `person_id` int unsigned NOT NULL,
  `created_at` timestamp NULL DEFAULT NULL,
  `updated_at` timestamp NULL DEFAULT NULL,
  PRIMARY KEY (`id`),
  KEY `clients_person_id_foreign` (`person_id`),
  CONSTRAINT `clients_person_id_foreign` FOREIGN KEY (`person_id`) REFERENCES `people` (`id`)
) ENGINE=InnoDB AUTO_INCREMENT=51 DEFAULT CHARSET=utf8mb4 COLLATE=utf8mb4_unicode_ci;
/*!40101 SET character_set_client = @saved_cs_client */;

--
-- Dumping data for table `clients`
--

LOCK TABLES `clients` WRITE;
/*!40000 ALTER TABLE `clients` DISABLE KEYS */;
INSERT INTO `clients` VALUES (1,'3925014365','532169, Воронежская область, город Домодедово, спуск Космонавтов, 50','1998-10-17',17,'2023-04-17 07:18:20','2023-04-17 07:18:20'),(2,'3696514004','008489, Архангельская область, город Подольск, въезд Сталина, 56','1998-07-28',50,'2023-04-17 07:18:20','2023-04-17 07:18:20'),(3,'6592791446','694466, Самарская область, город Озёры, шоссе Гагарина, 74','1985-11-08',7,'2023-04-17 07:18:20','2023-04-17 07:18:20'),(4,'7387907315','320828, Саратовская область, город Москва, ул. Славы, 81','1972-12-19',46,'2023-04-17 07:18:20','2023-04-17 07:18:20'),(5,'613344181X','073969, Тамбовская область, город Орехово-Зуево, пр. Гагарина, 40','1985-09-05',30,'2023-04-17 07:18:20','2023-04-17 07:18:20'),(6,'5711198734','153206, Ивановская область, город Сергиев Посад, пл. Чехова, 84','1978-03-20',29,'2023-04-17 07:18:20','2023-04-17 07:18:20'),(7,'5987907837','172813, Смоленская область, город Солнечногорск, въезд Бухарестская, 17','1996-02-21',23,'2023-04-17 07:18:20','2023-04-17 07:18:20'),(8,'2327262267','713765, Астраханская область, город Зарайск, бульвар 1905 года, 63','1985-06-21',44,'2023-04-17 07:18:20','2023-04-17 07:18:20'),(9,'0472722727','811118, Липецкая область, город Серебряные Пруды, въезд Бухарестская, 58','1990-07-19',29,'2023-04-17 07:18:20','2023-04-17 07:18:20'),(10,'7404353017','556128, Псковская область, город Можайск, въезд Гагарина, 46','1983-12-15',25,'2023-04-17 07:18:20','2023-04-17 07:18:20'),(11,'1998510913','051468, Саратовская область, город Чехов, проезд Гагарина, 92','1983-10-24',31,'2023-04-17 07:18:20','2023-04-17 07:18:20'),(12,'2975972512','997381, Брянская область, город Ступино, пл. Космонавтов, 17','1977-06-22',46,'2023-04-17 07:18:20','2023-04-17 07:18:20'),(13,'6737538401','669568, Тверская область, город Домодедово, проезд Бухарестская, 87','1973-12-19',13,'2023-04-17 07:18:20','2023-04-17 07:18:20'),(14,'7558110262','460036, Омская область, город Одинцово, въезд 1905 года, 29','1992-04-06',11,'2023-04-17 07:18:20','2023-04-17 07:18:20'),(15,'8300967176','077037, Омская область, город Балашиха, пер. Балканская, 33','1984-06-13',6,'2023-04-17 07:18:20','2023-04-17 07:18:20'),(16,'4670892177','612386, Читинская область, город Сергиев Посад, въезд Ломоносова, 19','1973-09-14',14,'2023-04-17 07:18:20','2023-04-17 07:18:20'),(17,'0925352292','892619, Новосибирская область, город Одинцово, бульвар Домодедовская, 39','1971-12-28',3,'2023-04-17 07:18:20','2023-04-17 07:18:20'),(18,'5969347337','547066, Тульская область, город Коломна, шоссе Бухарестская, 89','1989-10-28',7,'2023-04-17 07:18:20','2023-04-17 07:18:20'),(19,'4608654985','575956, Ростовская область, город Шаховская, пр. Балканская, 29','1975-05-05',13,'2023-04-17 07:18:20','2023-04-17 07:18:20'),(20,'2869873077','175581, Магаданская область, город Кашира, бульвар Космонавтов, 88','1991-12-12',14,'2023-04-17 07:18:20','2023-04-17 07:18:20'),(21,'9874017643','588855, Ивановская область, город Павловский Посад, ул. Ладыгина, 32','1988-06-05',29,'2023-04-17 07:18:20','2023-04-17 07:18:20'),(22,'0035423390','326951, Астраханская область, город Павловский Посад, въезд Чехова, 44','1973-05-09',36,'2023-04-17 07:18:20','2023-04-17 07:18:20'),(23,'0619769149','664064, Иркутская область, город Солнечногорск, пр. Ломоносова, 63','1988-05-06',43,'2023-04-17 07:18:20','2023-04-17 07:18:20'),(24,'9403028807','716974, Челябинская область, город Лотошино, спуск Чехова, 81','1978-01-19',18,'2023-04-17 07:18:20','2023-04-17 07:18:20'),(25,'1403836612','290544, Нижегородская область, город Домодедово, наб. Балканская, 45','1985-06-18',11,'2023-04-17 07:18:20','2023-04-17 07:18:20'),(26,'5661405022','878475, Калужская область, город Ступино, наб. Ломоносова, 42','1994-03-29',2,'2023-04-17 07:18:20','2023-04-17 07:18:20'),(27,'6315705561','400080, Тамбовская область, город Одинцово, наб. Ломоносова, 74','1994-08-26',5,'2023-04-17 07:18:20','2023-04-17 07:18:20'),(28,'5020734381','807848, Волгоградская область, город Чехов, ул. Гагарина, 99','1993-11-14',38,'2023-04-17 07:18:20','2023-04-17 07:18:20'),(29,'7916953978','593059, Сахалинская область, город Чехов, пл. Домодедовская, 24','1976-07-19',48,'2023-04-17 07:18:20','2023-04-17 07:18:20'),(30,'350678563X','250023, Магаданская область, город Луховицы, пл. Космонавтов, 23','1994-01-18',8,'2023-04-17 07:18:20','2023-04-17 07:18:20'),(31,'5135470190','472295, Иркутская область, город Волоколамск, въезд Балканская, 19','1984-11-17',40,'2023-04-17 07:18:20','2023-04-17 07:18:20'),(32,'0292964153','288648, Тамбовская область, город Пушкино, пер. Ломоносова, 74','1982-01-08',25,'2023-04-17 07:18:20','2023-04-17 07:18:20'),(33,'0325412928','855858, Амурская область, город Орехово-Зуево, ул. Бухарестская, 91','1984-07-23',49,'2023-04-17 07:18:20','2023-04-17 07:18:20'),(34,'6541711313','241986, Калужская область, город Наро-Фоминск, пл. Ломоносова, 29','1997-09-14',28,'2023-04-17 07:18:20','2023-04-17 07:18:20'),(35,'0108888762','258739, Владимирская область, город Домодедово, пл. Бухарестская, 39','1980-07-19',46,'2023-04-17 07:18:20','2023-04-17 07:18:20'),(36,'1859931669','611169, Амурская область, город Домодедово, ул. Гагарина, 70','1987-07-23',33,'2023-04-17 07:18:20','2023-04-17 07:18:20'),(37,'0653277636','596908, Курганская область, город Мытищи, наб. 1905 года, 73','1998-10-07',50,'2023-04-17 07:18:20','2023-04-17 07:18:20'),(38,'451894562X','580274, Пензенская область, город Ногинск, шоссе Ладыгина, 60','1978-03-26',22,'2023-04-17 07:18:20','2023-04-17 07:18:20'),(39,'8986400987','965155, Нижегородская область, город Истра, наб. Будапештсткая, 81','1989-05-23',31,'2023-04-17 07:18:20','2023-04-17 07:18:20'),(40,'0351056319','544216, Пензенская область, город Волоколамск, шоссе Балканская, 68','1982-02-01',38,'2023-04-17 07:18:20','2023-04-17 07:18:20'),(41,'3380525685','497967, Томская область, город Пушкино, наб. Гагарина, 49','1988-06-05',45,'2023-04-17 07:18:20','2023-04-17 07:18:20'),(42,'3285764430','420613, Саратовская область, город Клин, шоссе Ладыгина, 22','1986-08-15',16,'2023-04-17 07:18:20','2023-04-17 07:18:20'),(43,'4456845899','580882, Псковская область, город Дмитров, ул. Балканская, 69','1976-01-29',17,'2023-04-17 07:18:20','2023-04-17 07:18:20'),(44,'0471508969','582301, Пензенская область, город Егорьевск, спуск Ладыгина, 82','1971-01-09',11,'2023-04-17 07:18:20','2023-04-17 07:18:20'),(45,'4775448080','891758, Омская область, город Серпухов, ул. Чехова, 27','1987-12-23',42,'2023-04-17 07:18:20','2023-04-17 07:18:20'),(46,'5428927437','873470, Ивановская область, город Подольск, пл. Чехова, 18','1976-08-23',11,'2023-04-17 07:18:20','2023-04-17 07:18:20'),(47,'4471707566','035368, Курганская область, город Истра, пр. Космонавтов, 18','1974-02-19',49,'2023-04-17 07:18:20','2023-04-17 07:18:20'),(48,'5664734418','712323, Брянская область, город Коломна, въезд Ломоносова, 63','1984-01-18',23,'2023-04-17 07:18:20','2023-04-17 07:18:20'),(49,'5173547618','007314, Вологодская область, город Видное, наб. Будапештсткая, 37','1982-10-30',8,'2023-04-17 07:18:20','2023-04-17 07:18:20'),(50,'1464590729','190773, Ивановская область, город Кашира, бульвар Бухарестская, 43','1990-05-13',7,'2023-04-17 07:18:20','2023-04-17 07:18:20');
/*!40000 ALTER TABLE `clients` ENABLE KEYS */;
UNLOCK TABLES;

--
-- Table structure for table `colors`
--

DROP TABLE IF EXISTS `colors`;
/*!40101 SET @saved_cs_client     = @@character_set_client */;
/*!50503 SET character_set_client = utf8mb4 */;
CREATE TABLE `colors` (
  `id` int unsigned NOT NULL AUTO_INCREMENT,
  `name_color` varchar(45) COLLATE utf8mb4_unicode_ci NOT NULL,
  `created_at` timestamp NULL DEFAULT NULL,
  `updated_at` timestamp NULL DEFAULT NULL,
  PRIMARY KEY (`id`)
) ENGINE=InnoDB AUTO_INCREMENT=21 DEFAULT CHARSET=utf8mb4 COLLATE=utf8mb4_unicode_ci;
/*!40101 SET character_set_client = @saved_cs_client */;

--
-- Dumping data for table `colors`
--

LOCK TABLES `colors` WRITE;
/*!40000 ALTER TABLE `colors` DISABLE KEYS */;
INSERT INTO `colors` VALUES (1,'Латунный','2023-04-17 07:18:20','2023-04-17 07:18:20'),(2,'Охра','2023-04-17 07:18:20','2023-04-17 07:18:20'),(3,'Бистр','2023-04-17 07:18:20','2023-04-17 07:18:20'),(4,'Хаки','2023-04-17 07:18:20','2023-04-17 07:18:20'),(5,'Бежевый','2023-04-17 07:18:20','2023-04-17 07:18:20'),(6,'Янтарный','2023-04-17 07:18:20','2023-04-17 07:18:20'),(7,'Синяя Элис','2023-04-17 07:18:20','2023-04-17 07:18:20'),(8,'Античный белый','2023-04-17 07:18:20','2023-04-17 07:18:20'),(9,'Индиго','2023-04-17 07:18:20','2023-04-17 07:18:20'),(10,'Аметистовый','2023-04-17 07:18:20','2023-04-17 07:18:20'),(11,'Льняной','2023-04-17 07:18:20','2023-04-17 07:18:20'),(12,'Армейский зелёный','2023-04-17 07:18:20','2023-04-17 07:18:20'),(13,'Чёрный','2023-04-17 07:18:20','2023-04-17 07:18:20'),(14,'Панг','2023-04-17 07:18:20','2023-04-17 07:18:20'),(15,'Сепия','2023-04-17 07:18:20','2023-04-17 07:18:20'),(16,'Тициановый','2023-04-17 07:18:20','2023-04-17 07:18:20'),(17,'Золотой','2023-04-17 07:18:20','2023-04-17 07:18:20'),(18,'Чертополох','2023-04-17 07:18:20','2023-04-17 07:18:20'),(19,'Горькая радость','2023-04-17 07:18:20','2023-04-17 07:18:20'),(20,'Белокурый','2023-04-17 07:18:20','2023-04-17 07:18:20');
/*!40000 ALTER TABLE `colors` ENABLE KEYS */;
UNLOCK TABLES;

--
-- Table structure for table `malfunctions`
--

DROP TABLE IF EXISTS `malfunctions`;
/*!40101 SET @saved_cs_client     = @@character_set_client */;
/*!50503 SET character_set_client = utf8mb4 */;
CREATE TABLE `malfunctions` (
  `id` int unsigned NOT NULL AUTO_INCREMENT,
  `name_malfunction` varchar(1000) COLLATE utf8mb4_unicode_ci NOT NULL,
  `price` int NOT NULL,
  `created_at` timestamp NULL DEFAULT NULL,
  `updated_at` timestamp NULL DEFAULT NULL,
  PRIMARY KEY (`id`)
) ENGINE=InnoDB AUTO_INCREMENT=31 DEFAULT CHARSET=utf8mb4 COLLATE=utf8mb4_unicode_ci;
/*!40101 SET character_set_client = @saved_cs_client */;

--
-- Dumping data for table `malfunctions`
--

LOCK TABLES `malfunctions` WRITE;
/*!40000 ALTER TABLE `malfunctions` DISABLE KEYS */;
INSERT INTO `malfunctions` VALUES (1,'Детонация двигателя при разгоне.',57800,'2023-04-17 07:18:20','2023-04-17 07:18:20'),(2,'Течь масла из коробки. Износ сальников. Много масла в коробке.',5600,'2023-04-17 07:18:20','2023-04-17 07:18:20'),(3,'Неравномерная частота вращения холостого хода (Двигатель троит).',16300,'2023-04-17 07:18:20','2023-04-17 07:18:20'),(4,'Двигатель запускается но тут же останавливается.',21500,'2023-04-17 07:18:20','2023-04-17 07:18:20'),(5,'При прямолинейном движении автомобиль тянет в сторону.',14200,'2023-04-17 07:18:20','2023-04-17 07:18:20'),(6,'Трудный запуск холодного двигателя.',59900,'2023-04-17 07:18:20','2023-04-17 07:18:20'),(7,'Шум на всех передачах.',56900,'2023-04-17 07:18:20','2023-04-17 07:18:20'),(8,'Вибрация колес.',36200,'2023-04-17 07:18:20','2023-04-17 07:18:20'),(9,'Ударные шумы на малых скоростях.',34400,'2023-04-17 07:18:20','2023-04-17 07:18:20'),(10,'Педаль сцепления не возвращается.',51500,'2023-04-17 07:18:20','2023-04-17 07:18:20'),(11,'Утечка топлива и запах от топлива.',28800,'2023-04-17 07:18:20','2023-04-17 07:18:20'),(12,'Двигатель не вращается при попытке запуска стартером',58600,'2023-04-17 07:18:20','2023-04-17 07:18:20'),(13,'Пропуски зажигания на холостом ходу.',18200,'2023-04-17 07:18:20','2023-04-17 07:18:20'),(14,'Повышенный ход педали тормоза.',54800,'2023-04-17 07:18:20','2023-04-17 07:18:20'),(15,'Дрожание рулевого колеса при торможении.',56500,'2023-04-17 07:18:20','2023-04-17 07:18:20'),(16,'Двигатель останавливается.',20500,'2023-04-17 07:18:20','2023-04-17 07:18:20'),(17,'Двигатель холодный.',21400,'2023-04-17 07:18:20','2023-04-17 07:18:20'),(18,'Неравномерный износ шин.',45200,'2023-04-17 07:18:20','2023-04-17 07:18:20'),(19,'Дребезжание в коробке передач.',38600,'2023-04-17 07:18:20','2023-04-17 07:18:20'),(20,'Большой расход топлива.',8100,'2023-04-17 07:18:20','2023-04-17 07:18:20'),(21,'Большое усилие на педали сцепления.',18700,'2023-04-17 07:18:20','2023-04-17 07:18:20'),(22,'Большой крен в поворотах и при торможении.',4400,'2023-04-17 07:18:20','2023-04-17 07:18:20'),(23,'Трудный запуск горячего двигателя.',54400,'2023-04-17 07:18:20','2023-04-17 07:18:20'),(24,'Шум в сцеплении.',20600,'2023-04-17 07:18:20','2023-04-17 07:18:20'),(25,'Повышенный износ шин.',21400,'2023-04-17 07:18:20','2023-04-17 07:18:20'),(26,'Заедание и недостаточная эффективность тормозов.',27100,'2023-04-17 07:18:20','2023-04-17 07:18:20'),(27,'Руль не возвращается в прямое положение.',24600,'2023-04-17 07:18:20','2023-04-17 07:18:20'),(28,'Шум при торможении.',62600,'2023-04-17 07:18:20','2023-04-17 07:18:20'),(29,'Лязгающий звук при ускорении и замедлении.',24800,'2023-04-17 07:18:20','2023-04-17 07:18:20'),(30,'Шум и неровное вращение стартера.',19400,'2023-04-17 07:18:20','2023-04-17 07:18:20');
/*!40000 ALTER TABLE `malfunctions` ENABLE KEYS */;
UNLOCK TABLES;

--
-- Table structure for table `migrations`
--

DROP TABLE IF EXISTS `migrations`;
/*!40101 SET @saved_cs_client     = @@character_set_client */;
/*!50503 SET character_set_client = utf8mb4 */;
CREATE TABLE `migrations` (
  `id` int unsigned NOT NULL AUTO_INCREMENT,
  `migration` varchar(255) COLLATE utf8mb4_unicode_ci NOT NULL,
  `batch` int NOT NULL,
  PRIMARY KEY (`id`)
) ENGINE=InnoDB AUTO_INCREMENT=221 DEFAULT CHARSET=utf8mb4 COLLATE=utf8mb4_unicode_ci;
/*!40101 SET character_set_client = @saved_cs_client */;

--
-- Dumping data for table `migrations`
--

LOCK TABLES `migrations` WRITE;
/*!40000 ALTER TABLE `migrations` DISABLE KEYS */;
INSERT INTO `migrations` VALUES (210,'2019_12_14_000001_create_personal_access_tokens_table',1),(211,'2023_01_28_154703_create_colors_table',1),(212,'2023_01_28_154733_create_brands_table',1),(213,'2023_01_28_154806_create_people_table',1),(214,'2023_01_28_155008_create_specializations_table',1),(215,'2023_01_28_155035_create_spare_parts_table',1),(216,'2023_01_28_155107_create_malfunctions_table',1),(217,'2023_01_28_155143_create_clients_table',1),(218,'2023_01_28_155204_create_workers_table',1),(219,'2023_01_28_155229_create_cars_table',1),(220,'2023_01_28_155301_create_repairs_table',1);
/*!40000 ALTER TABLE `migrations` ENABLE KEYS */;
UNLOCK TABLES;

--
-- Table structure for table `people`
--

DROP TABLE IF EXISTS `people`;
/*!40101 SET @saved_cs_client     = @@character_set_client */;
/*!50503 SET character_set_client = utf8mb4 */;
CREATE TABLE `people` (
  `id` int unsigned NOT NULL AUTO_INCREMENT,
  `name` varchar(45) COLLATE utf8mb4_unicode_ci NOT NULL,
  `surname` varchar(45) COLLATE utf8mb4_unicode_ci NOT NULL,
  `patronymic` varchar(45) COLLATE utf8mb4_unicode_ci NOT NULL,
  `created_at` timestamp NULL DEFAULT NULL,
  `updated_at` timestamp NULL DEFAULT NULL,
  PRIMARY KEY (`id`)
) ENGINE=InnoDB AUTO_INCREMENT=51 DEFAULT CHARSET=utf8mb4 COLLATE=utf8mb4_unicode_ci;
/*!40101 SET character_set_client = @saved_cs_client */;

--
-- Dumping data for table `people`
--

LOCK TABLES `people` WRITE;
/*!40000 ALTER TABLE `people` DISABLE KEYS */;
INSERT INTO `people` VALUES (1,'Лидия','Тихонова','Фёдоровна','2023-04-17 07:18:20','2023-04-17 07:18:20'),(2,'Федосья','Данилова','Давидовна','2023-04-17 07:18:20','2023-04-17 07:18:20'),(3,'Вениамин','Калашников','Вадимович','2023-04-17 07:18:20','2023-04-17 07:18:20'),(4,'Мария','Мишина','Александровна','2023-04-17 07:18:20','2023-04-17 07:18:20'),(5,'Эмилия','Сафонова','Демидовна','2023-04-17 07:18:20','2023-04-17 07:18:20'),(6,'Эльвира','Фролова','Данииловна','2023-04-17 07:18:20','2023-04-17 07:18:20'),(7,'Эмилия','Молчанова','Сергеевна','2023-04-17 07:18:20','2023-04-17 07:18:20'),(8,'Лада','Королёва','Артёмовна','2023-04-17 07:18:20','2023-04-17 07:18:20'),(9,'Федосья','Громова','Демидовна','2023-04-17 07:18:20','2023-04-17 07:18:20'),(10,'Давид','Воронов','Даниилович','2023-04-17 07:18:20','2023-04-17 07:18:20'),(11,'Дан','Орехов','Артёмович','2023-04-17 07:18:20','2023-04-17 07:18:20'),(12,'Лаврентий','Рябов','Арсентьевич','2023-04-17 07:18:20','2023-04-17 07:18:20'),(13,'Олег','Соловьёв','Ибрагимович','2023-04-17 07:18:20','2023-04-17 07:18:20'),(14,'Олеся','Никифорова','Тимофеевна','2023-04-17 07:18:20','2023-04-17 07:18:20'),(15,'Раиса','Богданова','Артёмовна','2023-04-17 07:18:20','2023-04-17 07:18:20'),(16,'Сава','Калашников','Маратович','2023-04-17 07:18:20','2023-04-17 07:18:20'),(17,'Искра','Титова','Константиновна','2023-04-17 07:18:20','2023-04-17 07:18:20'),(18,'Кузьма','Зайцев','Давидович','2023-04-17 07:18:20','2023-04-17 07:18:20'),(19,'Альберт','Орехов','Маратович','2023-04-17 07:18:20','2023-04-17 07:18:20'),(20,'Марат','Копылов','Маратович','2023-04-17 07:18:20','2023-04-17 07:18:20'),(21,'Донат','Коновалов','Сергеевич','2023-04-17 07:18:20','2023-04-17 07:18:20'),(22,'Матвей','Трофимов','Ибрагимович','2023-04-17 07:18:20','2023-04-17 07:18:20'),(23,'Эрик','Кириллов','Александрович','2023-04-17 07:18:20','2023-04-17 07:18:20'),(24,'Василий','Устинов','Маркович','2023-04-17 07:18:20','2023-04-17 07:18:20'),(25,'Маргарита','Рябова','Фёдоровна','2023-04-17 07:18:20','2023-04-17 07:18:20'),(26,'Адам','Юдин','Маркович','2023-04-17 07:18:20','2023-04-17 07:18:20'),(27,'Мальвина','Кулакова','Андреевна','2023-04-17 07:18:20','2023-04-17 07:18:20'),(28,'Елизавета','Щукина','Демидовна','2023-04-17 07:18:20','2023-04-17 07:18:20'),(29,'Антонин','Бобылёв','Давидович','2023-04-17 07:18:20','2023-04-17 07:18:20'),(30,'Зоя','Федотова','Маратовна','2023-04-17 07:18:20','2023-04-17 07:18:20'),(31,'Лаврентий','Елисеев','Константинович','2023-04-17 07:18:20','2023-04-17 07:18:20'),(32,'Дина','Овчинникова','Владимировна','2023-04-17 07:18:20','2023-04-17 07:18:20'),(33,'Ян','Комаров','Владимирович','2023-04-17 07:18:20','2023-04-17 07:18:20'),(34,'Анжелика','Ларионова','Сергеевна','2023-04-17 07:18:20','2023-04-17 07:18:20'),(35,'Владлен','Куликов','Егорович','2023-04-17 07:18:20','2023-04-17 07:18:20'),(36,'Платон','Трофимов','Константинович','2023-04-17 07:18:20','2023-04-17 07:18:20'),(37,'Алиса','Лобанова','Маратовна','2023-04-17 07:18:20','2023-04-17 07:18:20'),(38,'Кирилл','Ермаков','Владимирович','2023-04-17 07:18:20','2023-04-17 07:18:20'),(39,'Таисия','Бирюкова','Фёдоровна','2023-04-17 07:18:20','2023-04-17 07:18:20'),(40,'Розалина','Алексеева','Маратовна','2023-04-17 07:18:20','2023-04-17 07:18:20'),(41,'Марта','Ширяева','Сергеевна','2023-04-17 07:18:20','2023-04-17 07:18:20'),(42,'Викентий','Блохин','Артёмович','2023-04-17 07:18:20','2023-04-17 07:18:20'),(43,'Лилия','Шарапова','Давидовна','2023-04-17 07:18:20','2023-04-17 07:18:20'),(44,'Аркадий','Доронин','Мирославович','2023-04-17 07:18:20','2023-04-17 07:18:20'),(45,'Дина','Максимова','Константиновна','2023-04-17 07:18:20','2023-04-17 07:18:20'),(46,'Евгения','Кошелева','Марковна','2023-04-17 07:18:20','2023-04-17 07:18:20'),(47,'Регина','Лебедева','Арсентьевна','2023-04-17 07:18:20','2023-04-17 07:18:20'),(48,'Григорий','Савин','Егорович','2023-04-17 07:18:20','2023-04-17 07:18:20'),(49,'Пётр','Третьяков','Мирославович','2023-04-17 07:18:20','2023-04-17 07:18:20'),(50,'Вячеслав','Архипов','Егорович','2023-04-17 07:18:20','2023-04-17 07:18:20');
/*!40000 ALTER TABLE `people` ENABLE KEYS */;
UNLOCK TABLES;

--
-- Table structure for table `personal_access_tokens`
--

DROP TABLE IF EXISTS `personal_access_tokens`;
/*!40101 SET @saved_cs_client     = @@character_set_client */;
/*!50503 SET character_set_client = utf8mb4 */;
CREATE TABLE `personal_access_tokens` (
  `id` bigint unsigned NOT NULL AUTO_INCREMENT,
  `tokenable_type` varchar(255) COLLATE utf8mb4_unicode_ci NOT NULL,
  `tokenable_id` bigint unsigned NOT NULL,
  `name` varchar(255) COLLATE utf8mb4_unicode_ci NOT NULL,
  `token` varchar(64) COLLATE utf8mb4_unicode_ci NOT NULL,
  `abilities` text COLLATE utf8mb4_unicode_ci,
  `last_used_at` timestamp NULL DEFAULT NULL,
  `expires_at` timestamp NULL DEFAULT NULL,
  `created_at` timestamp NULL DEFAULT NULL,
  `updated_at` timestamp NULL DEFAULT NULL,
  PRIMARY KEY (`id`),
  UNIQUE KEY `personal_access_tokens_token_unique` (`token`),
  KEY `personal_access_tokens_tokenable_type_tokenable_id_index` (`tokenable_type`,`tokenable_id`)
) ENGINE=InnoDB DEFAULT CHARSET=utf8mb4 COLLATE=utf8mb4_unicode_ci;
/*!40101 SET character_set_client = @saved_cs_client */;

--
-- Dumping data for table `personal_access_tokens`
--

LOCK TABLES `personal_access_tokens` WRITE;
/*!40000 ALTER TABLE `personal_access_tokens` DISABLE KEYS */;
/*!40000 ALTER TABLE `personal_access_tokens` ENABLE KEYS */;
UNLOCK TABLES;

--
-- Table structure for table `repairs`
--

DROP TABLE IF EXISTS `repairs`;
/*!40101 SET @saved_cs_client     = @@character_set_client */;
/*!50503 SET character_set_client = utf8mb4 */;
CREATE TABLE `repairs` (
  `id` int unsigned NOT NULL AUTO_INCREMENT,
  `date_of_detection` date NOT NULL,
  `date_of_correction` date NOT NULL,
  `is_fixed` tinyint(1) NOT NULL,
  `malfunction_id` int unsigned NOT NULL,
  `worker_id` int unsigned NOT NULL,
  `car_id` int unsigned NOT NULL,
  `client_id` int unsigned NOT NULL,
  `spare_part_id` int unsigned NOT NULL,
  `created_at` timestamp NULL DEFAULT NULL,
  `updated_at` timestamp NULL DEFAULT NULL,
  PRIMARY KEY (`id`),
  KEY `repairs_malfunction_id_foreign` (`malfunction_id`),
  KEY `repairs_worker_id_foreign` (`worker_id`),
  KEY `repairs_car_id_foreign` (`car_id`),
  KEY `repairs_client_id_foreign` (`client_id`),
  KEY `repairs_spare_part_id_foreign` (`spare_part_id`),
  CONSTRAINT `repairs_car_id_foreign` FOREIGN KEY (`car_id`) REFERENCES `cars` (`id`),
  CONSTRAINT `repairs_client_id_foreign` FOREIGN KEY (`client_id`) REFERENCES `clients` (`id`),
  CONSTRAINT `repairs_malfunction_id_foreign` FOREIGN KEY (`malfunction_id`) REFERENCES `malfunctions` (`id`),
  CONSTRAINT `repairs_spare_part_id_foreign` FOREIGN KEY (`spare_part_id`) REFERENCES `spare_parts` (`id`),
  CONSTRAINT `repairs_worker_id_foreign` FOREIGN KEY (`worker_id`) REFERENCES `workers` (`id`)
) ENGINE=InnoDB AUTO_INCREMENT=156 DEFAULT CHARSET=utf8mb4 COLLATE=utf8mb4_unicode_ci;
/*!40101 SET character_set_client = @saved_cs_client */;

--
-- Dumping data for table `repairs`
--

LOCK TABLES `repairs` WRITE;
/*!40000 ALTER TABLE `repairs` DISABLE KEYS */;
INSERT INTO `repairs` VALUES (1,'2023-03-20','2023-04-04',1,24,37,26,14,10,'2023-04-17 07:18:20','2023-04-17 07:18:20'),(2,'2023-04-03','2023-04-10',1,9,42,46,32,19,'2023-04-17 07:18:20','2023-04-17 07:18:20'),(3,'2023-04-16','2023-04-24',1,18,21,36,1,28,'2023-04-17 07:18:20','2023-04-17 07:18:20'),(4,'2023-04-16','2023-04-24',1,17,22,30,38,18,'2023-04-17 07:18:20','2023-04-17 07:18:20'),(5,'2023-04-16','2023-05-02',1,8,9,41,47,8,'2023-04-17 07:18:20','2023-04-17 07:18:20'),(6,'2023-04-09','2023-04-21',1,20,4,22,23,6,'2023-04-17 07:18:20','2023-04-17 07:18:20'),(7,'2023-04-12','2023-04-22',1,14,18,50,45,29,'2023-04-17 07:18:20','2023-04-17 07:18:20'),(8,'2023-04-01','2023-04-08',1,10,32,45,44,21,'2023-04-17 07:18:20','2023-04-17 07:18:20'),(9,'2023-04-05','2023-04-18',1,16,14,44,26,13,'2023-04-17 07:18:20','2023-04-17 07:18:20'),(10,'2023-03-19','2023-04-01',1,15,26,11,43,2,'2023-04-17 07:18:20','2023-04-17 07:18:20'),(11,'2023-03-28','2023-04-11',1,11,38,44,33,25,'2023-04-17 07:18:20','2023-04-17 07:18:20'),(12,'2023-03-02','2023-03-13',1,15,8,29,23,26,'2023-04-17 07:18:20','2023-04-17 07:18:20'),(13,'2023-03-02','2023-03-15',1,15,47,6,7,9,'2023-04-17 07:18:20','2023-04-17 07:18:20'),(14,'2023-04-13','2023-04-20',1,13,48,7,31,4,'2023-04-17 07:18:20','2023-04-17 07:18:20'),(15,'2023-04-09','2023-04-20',1,6,39,26,38,26,'2023-04-17 07:18:20','2023-04-17 12:58:00'),(16,'2023-04-17','2023-05-01',1,10,20,30,19,17,'2023-04-17 07:18:20','2023-04-17 07:18:20'),(17,'2023-03-24','2023-04-04',1,7,36,34,8,12,'2023-04-17 07:18:20','2023-04-17 07:18:20'),(18,'2023-03-26','2023-04-07',0,28,25,32,40,27,'2023-04-17 07:18:20','2023-04-17 07:18:20'),(19,'2023-03-05','2023-03-10',1,9,5,39,14,5,'2023-04-17 07:18:20','2023-04-17 07:18:20'),(20,'2023-03-14','2023-03-19',1,11,8,34,34,16,'2023-04-17 07:18:20','2023-04-17 07:18:20'),(21,'2023-04-03','2023-04-15',1,6,40,12,7,16,'2023-04-17 07:18:20','2023-04-17 07:18:20'),(22,'2023-04-16','2023-04-25',0,19,37,32,43,4,'2023-04-17 07:18:20','2023-04-17 07:18:20'),(23,'2023-04-03','2023-04-10',1,10,35,6,6,6,'2023-04-17 07:18:20','2023-04-17 07:18:20'),(24,'2023-04-05','2023-04-16',1,26,1,39,19,10,'2023-04-17 07:18:20','2023-04-17 07:18:20'),(25,'2023-04-10','2023-04-16',0,25,50,37,2,3,'2023-04-17 07:18:20','2023-04-17 07:18:20'),(26,'2023-03-15','2023-03-27',1,14,12,15,34,18,'2023-04-17 07:18:20','2023-04-17 07:18:20'),(27,'2023-03-25','2023-04-04',1,28,5,23,30,21,'2023-04-17 07:18:20','2023-04-17 07:18:20'),(28,'2023-03-09','2023-03-21',1,21,5,6,21,8,'2023-04-17 07:18:20','2023-04-17 07:18:20'),(29,'2023-04-07','2023-04-15',1,22,46,50,36,12,'2023-04-17 07:18:20','2023-04-17 07:18:20'),(30,'2023-03-09','2023-03-15',1,19,21,27,45,4,'2023-04-17 07:18:20','2023-04-17 07:18:20'),(31,'2023-03-28','2023-04-05',1,1,4,47,14,26,'2023-04-17 07:18:20','2023-04-17 07:18:20'),(32,'2023-04-17','2023-04-25',1,18,31,30,50,26,'2023-04-17 07:18:20','2023-04-17 07:18:20'),(33,'2023-03-01','2023-03-14',1,22,48,17,38,25,'2023-04-17 07:18:20','2023-04-17 07:18:20'),(34,'2023-03-09','2023-03-23',1,30,46,11,50,7,'2023-04-17 07:18:20','2023-04-17 07:18:20'),(35,'2023-03-08','2023-03-19',1,20,9,19,43,25,'2023-04-17 07:18:20','2023-04-17 07:18:20'),(36,'2023-04-17','2023-04-26',0,30,3,46,39,21,'2023-04-17 07:18:20','2023-04-17 07:18:20'),(37,'2023-04-12','2023-04-19',1,5,4,20,40,26,'2023-04-17 07:18:20','2023-04-17 07:18:20'),(38,'2023-03-05','2023-03-13',1,21,10,6,15,8,'2023-04-17 07:18:20','2023-04-17 07:18:20'),(39,'2023-04-07','2023-04-16',1,2,38,49,17,7,'2023-04-17 07:18:20','2023-04-17 07:18:20'),(40,'2023-03-10','2023-03-24',1,30,10,8,22,13,'2023-04-17 07:18:20','2023-04-17 07:18:20'),(41,'2023-03-11','2023-03-19',1,20,24,32,18,8,'2023-04-17 07:18:20','2023-04-17 07:18:20'),(42,'2023-04-01','2023-04-07',1,7,24,16,34,26,'2023-04-17 07:18:20','2023-04-17 07:18:20'),(43,'2023-04-02','2023-04-09',1,3,6,21,33,4,'2023-04-17 07:18:20','2023-04-17 07:18:20'),(44,'2023-04-06','2023-04-11',1,24,16,5,11,4,'2023-04-17 07:18:20','2023-04-17 07:18:20'),(45,'2023-03-20','2023-04-04',1,15,25,46,30,18,'2023-04-17 07:18:20','2023-04-17 07:18:20'),(46,'2023-04-14','2023-04-19',0,15,36,20,48,30,'2023-04-17 07:18:20','2023-04-17 07:18:20'),(47,'2023-04-07','2023-04-16',1,16,7,17,42,5,'2023-04-17 07:18:20','2023-04-17 07:18:20'),(48,'2023-04-14','2023-04-27',1,15,42,22,15,28,'2023-04-17 07:18:20','2023-04-17 07:18:20'),(49,'2023-03-09','2023-03-17',0,20,45,29,50,27,'2023-04-17 07:18:20','2023-04-17 07:18:20'),(50,'2023-03-26','2023-04-09',1,18,45,5,11,9,'2023-04-17 07:18:20','2023-04-17 07:18:20'),(51,'2023-03-06','2023-03-11',1,4,42,25,2,8,'2023-04-17 07:18:20','2023-04-17 07:18:20'),(52,'2023-03-22','2023-04-08',1,29,7,44,46,29,'2023-04-17 07:18:20','2023-04-17 07:18:20'),(53,'2023-04-01','2023-04-06',1,19,42,49,41,5,'2023-04-17 07:18:20','2023-04-17 07:18:20'),(54,'2023-03-09','2023-03-17',1,26,11,22,7,30,'2023-04-17 07:18:20','2023-04-17 07:18:20'),(55,'2023-04-05','2023-04-16',0,3,29,33,14,7,'2023-04-17 07:18:20','2023-04-17 07:18:20'),(56,'2023-03-25','2023-04-03',1,11,29,24,28,28,'2023-04-17 07:18:20','2023-04-17 07:18:20'),(57,'2023-04-05','2023-04-14',1,29,24,17,5,28,'2023-04-17 07:18:20','2023-04-17 07:18:20'),(58,'2023-03-22','2023-03-28',1,25,11,39,38,10,'2023-04-17 07:18:20','2023-04-17 07:18:20'),(59,'2023-03-24','2023-04-06',1,1,33,46,43,27,'2023-04-17 07:18:20','2023-04-17 07:18:20'),(60,'2023-03-17','2023-04-02',1,28,35,15,6,23,'2023-04-17 07:18:20','2023-04-17 07:18:20'),(61,'2023-03-10','2023-03-19',1,13,7,48,17,7,'2023-04-17 07:18:20','2023-04-17 07:18:20'),(62,'2023-03-06','2023-03-18',1,8,18,45,50,7,'2023-04-17 07:18:20','2023-04-17 12:49:54'),(63,'2023-03-15','2023-03-23',1,9,3,48,10,12,'2023-04-17 07:18:20','2023-04-17 07:18:20'),(64,'2023-04-05','2023-04-19',1,15,26,31,46,16,'2023-04-17 07:18:20','2023-04-17 07:18:20'),(65,'2023-04-09','2023-04-21',1,2,12,12,42,13,'2023-04-17 07:18:20','2023-04-17 07:18:20'),(66,'2023-03-03','2023-03-17',1,15,25,1,1,16,'2023-04-17 07:18:20','2023-04-17 07:18:20'),(67,'2023-04-17','2023-04-24',1,8,40,39,21,14,'2023-04-17 07:18:20','2023-04-17 07:18:20'),(68,'2023-04-12','2023-04-26',1,9,20,15,13,10,'2023-04-17 07:18:20','2023-04-17 07:18:20'),(69,'2023-03-23','2023-04-04',1,11,8,50,34,19,'2023-04-17 07:18:20','2023-04-17 07:18:20'),(70,'2023-04-17','2023-04-24',1,11,17,5,32,24,'2023-04-17 07:18:20','2023-04-17 07:18:20'),(71,'2023-03-09','2023-03-22',0,26,35,31,9,28,'2023-04-17 07:18:20','2023-04-17 07:18:20'),(72,'2023-03-12','2023-03-25',1,30,24,8,12,6,'2023-04-17 07:18:20','2023-04-17 07:18:20'),(73,'2023-04-08','2023-04-19',1,7,24,49,2,28,'2023-04-17 07:18:20','2023-04-17 07:18:20'),(74,'2023-03-09','2023-03-18',1,11,43,39,28,28,'2023-04-17 07:18:20','2023-04-17 07:18:20'),(75,'2023-03-18','2023-03-25',1,8,16,42,19,24,'2023-04-17 07:18:20','2023-04-17 07:18:20'),(76,'2023-03-28','2023-04-10',1,13,20,44,7,8,'2023-04-17 07:18:20','2023-04-17 07:18:20'),(77,'2023-04-13','2023-04-22',1,12,32,25,6,4,'2023-04-17 07:18:20','2023-04-17 07:18:20'),(78,'2023-04-11','2023-04-25',1,25,29,37,9,15,'2023-04-17 07:18:20','2023-04-17 07:18:20'),(79,'2023-03-03','2023-03-17',1,8,26,1,48,19,'2023-04-17 07:18:20','2023-04-17 07:18:20'),(80,'2023-04-09','2023-04-21',1,5,21,36,7,13,'2023-04-17 07:18:20','2023-04-17 07:18:20'),(81,'2023-04-09','2023-04-21',0,12,28,20,28,26,'2023-04-17 07:18:20','2023-04-17 07:18:20'),(82,'2023-03-02','2023-03-16',1,28,25,9,33,4,'2023-04-17 07:18:20','2023-04-17 07:18:20'),(83,'2023-03-18','2023-04-02',0,4,47,3,4,30,'2023-04-17 07:18:20','2023-04-17 07:18:20'),(84,'2023-04-16','2023-04-27',1,3,13,4,25,18,'2023-04-17 07:18:20','2023-04-17 07:18:20'),(85,'2023-04-11','2023-04-19',1,26,12,35,18,19,'2023-04-17 07:18:20','2023-04-17 07:18:20'),(86,'2023-04-14','2023-04-25',1,15,8,1,12,28,'2023-04-17 07:18:20','2023-04-17 07:18:20'),(87,'2023-03-15','2023-03-20',1,29,11,5,22,12,'2023-04-17 07:18:20','2023-04-17 07:18:20'),(88,'2023-04-13','2023-04-20',1,27,15,2,50,6,'2023-04-17 07:18:20','2023-04-17 07:18:20'),(89,'2023-03-02','2023-03-09',1,5,38,45,31,16,'2023-04-17 07:18:20','2023-04-17 07:18:20'),(90,'2023-04-11','2023-04-16',1,10,5,15,48,12,'2023-04-17 07:18:20','2023-04-17 07:18:20'),(91,'2023-04-13','2023-04-23',1,27,15,38,38,20,'2023-04-17 07:18:20','2023-04-17 07:18:20'),(92,'2023-04-02','2023-04-12',1,1,41,8,15,17,'2023-04-17 07:18:20','2023-04-17 07:18:20'),(93,'2023-03-01','2023-03-11',1,26,16,47,19,4,'2023-04-17 07:18:20','2023-04-17 07:18:20'),(94,'2023-04-02','2023-04-14',1,13,33,32,14,13,'2023-04-17 07:18:20','2023-04-17 07:18:20'),(95,'2023-03-01','2023-03-06',1,6,46,33,21,23,'2023-04-17 07:18:20','2023-04-17 07:18:20'),(96,'2023-04-03','2023-04-15',1,29,35,28,49,6,'2023-04-17 07:18:20','2023-04-17 07:18:20'),(97,'2023-03-12','2023-03-20',1,18,34,12,14,2,'2023-04-17 07:18:20','2023-04-17 07:18:20'),(98,'2023-04-15','2023-04-22',1,7,8,27,4,18,'2023-04-17 07:18:20','2023-04-17 12:56:26'),(99,'2023-04-03','2023-04-16',1,7,6,42,33,12,'2023-04-17 07:18:20','2023-04-17 07:18:20'),(100,'2023-04-08','2023-04-18',1,9,44,23,30,30,'2023-04-17 07:18:20','2023-04-17 07:18:20'),(101,'2023-04-11','2023-04-16',1,2,41,42,1,19,'2023-04-17 07:18:20','2023-04-17 07:18:20'),(102,'2023-04-01','2023-04-09',1,18,12,27,10,16,'2023-04-17 07:18:20','2023-04-17 12:56:26'),(103,'2023-04-11','2023-04-18',1,8,46,29,50,7,'2023-04-17 07:18:20','2023-04-17 07:18:20'),(104,'2023-04-17','2023-04-25',1,18,5,43,25,22,'2023-04-17 07:18:20','2023-04-17 07:18:20'),(105,'2023-03-21','2023-04-06',1,25,40,8,28,5,'2023-04-17 07:18:20','2023-04-17 07:18:20'),(106,'2023-03-05','2023-03-10',0,24,5,1,34,10,'2023-04-17 07:18:20','2023-04-17 07:18:20'),(107,'2023-03-16','2023-03-27',1,9,13,49,12,1,'2023-04-17 07:18:20','2023-04-17 07:18:20'),(108,'2023-03-05','2023-03-16',0,2,39,21,44,21,'2023-04-17 07:18:20','2023-04-17 07:18:20'),(109,'2023-03-17','2023-03-26',0,15,5,10,50,24,'2023-04-17 07:18:20','2023-04-17 07:18:20'),(110,'2023-03-27','2023-04-04',0,15,23,22,17,14,'2023-04-17 07:18:20','2023-04-17 07:18:20'),(111,'2023-03-17','2023-03-25',1,3,7,42,32,9,'2023-04-17 07:18:20','2023-04-17 07:18:20'),(112,'2023-04-02','2023-04-12',1,13,21,39,41,20,'2023-04-17 07:18:20','2023-04-17 07:18:20'),(113,'2023-03-18','2023-04-04',1,30,2,7,25,29,'2023-04-17 07:18:20','2023-04-17 07:18:20'),(114,'2023-04-17','2023-05-02',1,11,43,18,30,26,'2023-04-17 07:18:20','2023-04-17 07:18:20'),(115,'2023-04-16','2023-04-22',1,12,39,29,2,21,'2023-04-17 07:18:20','2023-04-17 07:18:20'),(116,'2023-04-08','2023-04-13',1,26,33,2,27,30,'2023-04-17 07:18:20','2023-04-17 07:18:20'),(117,'2023-04-17','2023-04-23',1,7,39,31,32,17,'2023-04-17 07:18:20','2023-04-17 07:18:20'),(118,'2023-04-07','2023-04-17',1,22,33,1,37,4,'2023-04-17 07:18:20','2023-04-17 07:18:20'),(119,'2023-03-16','2023-03-22',1,25,29,25,2,1,'2023-04-17 07:18:20','2023-04-17 07:18:20'),(120,'2023-03-23','2023-04-04',1,2,20,32,39,8,'2023-04-17 07:18:20','2023-04-17 07:18:20'),(121,'2023-04-08','2023-04-14',1,4,46,9,7,5,'2023-04-17 07:18:20','2023-04-17 07:18:20'),(122,'2023-04-05','2023-04-15',1,8,50,32,45,24,'2023-04-17 07:18:20','2023-04-17 07:18:20'),(123,'2023-04-13','2023-04-25',1,21,46,24,21,22,'2023-04-17 07:18:20','2023-04-17 12:54:32'),(124,'2023-03-01','2023-03-12',1,18,23,16,27,17,'2023-04-17 07:18:20','2023-04-17 07:18:20'),(125,'2023-03-21','2023-03-26',1,24,39,21,25,21,'2023-04-17 07:18:20','2023-04-17 07:18:20'),(126,'2023-04-10','2023-04-21',1,13,27,49,11,11,'2023-04-17 07:18:20','2023-04-17 07:18:20'),(127,'2023-03-12','2023-03-21',1,10,16,10,32,6,'2023-04-17 07:18:20','2023-04-17 07:18:20'),(128,'2023-04-15','2023-04-24',1,8,18,32,39,6,'2023-04-17 07:18:20','2023-04-17 07:18:20'),(129,'2023-03-02','2023-03-10',0,27,35,5,11,30,'2023-04-17 07:18:20','2023-04-17 07:18:20'),(130,'2023-03-14','2023-03-22',1,1,44,46,23,21,'2023-04-17 07:18:20','2023-04-17 07:18:20'),(131,'2023-04-12','2023-04-23',1,21,13,45,40,10,'2023-04-17 07:18:20','2023-04-17 12:49:54'),(132,'2023-03-21','2023-03-26',1,8,22,25,13,15,'2023-04-17 07:18:20','2023-04-17 07:18:20'),(133,'2023-03-25','2023-04-11',1,8,30,41,13,9,'2023-04-17 07:18:20','2023-04-17 07:18:20'),(134,'2023-03-21','2023-03-26',1,11,37,5,36,11,'2023-04-17 07:18:20','2023-04-17 07:18:20'),(135,'2023-03-01','2023-03-12',1,20,42,17,39,11,'2023-04-17 07:18:20','2023-04-17 07:18:20'),(136,'2023-03-07','2023-03-16',1,17,37,29,5,22,'2023-04-17 07:18:20','2023-04-17 07:18:20'),(137,'2023-03-15','2023-03-20',1,15,48,6,4,13,'2023-04-17 07:18:20','2023-04-17 07:18:20'),(138,'2023-03-01','2023-03-11',1,2,10,37,3,1,'2023-04-17 07:18:20','2023-04-17 07:18:20'),(139,'2023-03-14','2023-03-23',1,10,50,29,39,17,'2023-04-17 07:18:20','2023-04-17 07:18:20'),(141,'2023-03-12','2023-03-23',1,12,11,25,19,26,'2023-04-17 07:18:20','2023-04-17 07:18:20'),(142,'2023-04-16','2023-04-23',1,18,23,47,13,3,'2023-04-17 07:18:20','2023-04-17 07:18:20'),(143,'2023-04-13','2023-04-22',1,4,33,8,41,28,'2023-04-17 07:18:20','2023-04-17 07:18:20'),(144,'2023-04-12','2023-04-25',1,29,24,24,32,1,'2023-04-17 07:18:20','2023-04-17 07:18:20'),(145,'2023-03-13','2023-03-20',1,14,8,6,47,18,'2023-04-17 07:18:20','2023-04-17 07:18:20'),(146,'2023-04-03','2023-04-12',1,28,15,27,15,19,'2023-04-17 07:18:20','2023-04-17 07:18:20'),(147,'2023-04-13','2023-04-26',1,6,4,21,37,26,'2023-04-17 07:18:20','2023-04-17 07:18:20'),(148,'2023-03-02','2023-03-15',1,30,23,30,39,17,'2023-04-17 07:18:20','2023-04-17 07:18:20'),(149,'2023-03-07','2023-03-12',1,20,28,43,5,24,'2023-04-17 07:18:20','2023-04-17 07:18:20'),(150,'2023-03-08','2023-03-13',0,4,28,13,13,1,'2023-04-17 07:18:20','2023-04-17 07:18:20'),(151,'2023-04-17','2023-04-20',1,4,2,45,5,3,'2023-04-17 12:49:46','2023-04-17 12:49:54'),(152,'2023-04-17','2023-04-29',1,3,2,24,5,2,'2023-04-17 12:54:26','2023-04-17 12:54:32'),(153,'2023-04-17','2023-04-29',1,2,3,27,4,3,'2023-04-17 12:56:20','2023-04-17 12:56:26'),(154,'2023-04-17','2023-04-29',1,2,3,27,4,3,'2023-04-17 12:57:11','2023-04-17 12:57:19'),(155,'2023-04-17','2023-04-29',1,2,5,26,17,4,'2023-04-17 12:57:56','2023-04-17 12:58:00');
/*!40000 ALTER TABLE `repairs` ENABLE KEYS */;
UNLOCK TABLES;

--
-- Table structure for table `spare_parts`
--

DROP TABLE IF EXISTS `spare_parts`;
/*!40101 SET @saved_cs_client     = @@character_set_client */;
/*!50503 SET character_set_client = utf8mb4 */;
CREATE TABLE `spare_parts` (
  `id` int unsigned NOT NULL AUTO_INCREMENT,
  `name_spare_part` varchar(255) COLLATE utf8mb4_unicode_ci NOT NULL,
  `price` int NOT NULL,
  `created_at` timestamp NULL DEFAULT NULL,
  `updated_at` timestamp NULL DEFAULT NULL,
  PRIMARY KEY (`id`)
) ENGINE=InnoDB AUTO_INCREMENT=31 DEFAULT CHARSET=utf8mb4 COLLATE=utf8mb4_unicode_ci;
/*!40101 SET character_set_client = @saved_cs_client */;

--
-- Dumping data for table `spare_parts`
--

LOCK TABLES `spare_parts` WRITE;
/*!40000 ALTER TABLE `spare_parts` DISABLE KEYS */;
INSERT INTO `spare_parts` VALUES (1,'Запчасти кузовные',11590,'2023-04-17 07:18:20','2023-04-17 07:18:20'),(2,'Колодки тормозные',1750,'2023-04-17 07:18:20','2023-04-17 07:18:20'),(3,'Модуль зажигания',38130,'2023-04-17 07:18:20','2023-04-17 07:18:20'),(4,'Сервисный Комплект',29500,'2023-04-17 07:18:20','2023-04-17 07:18:20'),(5,'Привод В Сборе',16020,'2023-04-17 07:18:20','2023-04-17 07:18:20'),(6,'ШРУС внутренний',3370,'2023-04-17 07:18:20','2023-04-17 07:18:20'),(7,'Привод передний правый',1680,'2023-04-17 07:18:20','2023-04-17 07:18:20'),(8,'Кулак поворотный правый',620,'2023-04-17 07:18:20','2023-04-17 07:18:20'),(9,'Привод Спидометра',23420,'2023-04-17 07:18:20','2023-04-17 07:18:20'),(10,'Полуось левая',2730,'2023-04-17 07:18:20','2023-04-17 07:18:20'),(11,'Кронштейн',42450,'2023-04-17 07:18:20','2023-04-17 07:18:20'),(12,'Подушка двигателя',32410,'2023-04-17 07:18:20','2023-04-17 07:18:20'),(13,'Поршень суппорта',6070,'2023-04-17 07:18:20','2023-04-17 07:18:20'),(14,'Крестовина карданного вала',36980,'2023-04-17 07:18:20','2023-04-17 07:18:20'),(15,'Пылезащитный комплект',26830,'2023-04-17 07:18:20','2023-04-17 07:18:20'),(16,'Амортизатор подвески',44360,'2023-04-17 07:18:20','2023-04-17 07:18:20'),(17,'Втулка направляющая',40780,'2023-04-17 07:18:20','2023-04-17 07:18:20'),(18,'Натяжитель ремня',26610,'2023-04-17 07:18:20','2023-04-17 07:18:20'),(19,'Болт',21110,'2023-04-17 07:18:20','2023-04-17 07:18:20'),(20,'Привод передний',12440,'2023-04-17 07:18:20','2023-04-17 07:18:20'),(21,'Ступица передняя',42140,'2023-04-17 07:18:20','2023-04-17 07:18:20'),(22,'Полуось правая',7000,'2023-04-17 07:18:20','2023-04-17 07:18:20'),(23,'Опора шаровая',17500,'2023-04-17 07:18:20','2023-04-17 07:18:20'),(24,'Радиатор охлаждения',34490,'2023-04-17 07:18:20','2023-04-17 07:18:20'),(25,'Рычаг передний',12700,'2023-04-17 07:18:20','2023-04-17 07:18:20'),(26,'Вал приводной правый',17470,'2023-04-17 07:18:20','2023-04-17 07:18:20'),(27,'Пыльник',46790,'2023-04-17 07:18:20','2023-04-17 07:18:20'),(28,'Сальник ступичный',2790,'2023-04-17 07:18:20','2023-04-17 07:18:20'),(29,'Шрус наружный',22190,'2023-04-17 07:18:20','2023-04-17 07:18:20'),(30,'Опора двигателя',40680,'2023-04-17 07:18:20','2023-04-17 07:18:20');
/*!40000 ALTER TABLE `spare_parts` ENABLE KEYS */;
UNLOCK TABLES;

--
-- Table structure for table `specializations`
--

DROP TABLE IF EXISTS `specializations`;
/*!40101 SET @saved_cs_client     = @@character_set_client */;
/*!50503 SET character_set_client = utf8mb4 */;
CREATE TABLE `specializations` (
  `id` int unsigned NOT NULL AUTO_INCREMENT,
  `name_specialization` varchar(45) COLLATE utf8mb4_unicode_ci NOT NULL,
  `created_at` timestamp NULL DEFAULT NULL,
  `updated_at` timestamp NULL DEFAULT NULL,
  PRIMARY KEY (`id`)
) ENGINE=InnoDB AUTO_INCREMENT=31 DEFAULT CHARSET=utf8mb4 COLLATE=utf8mb4_unicode_ci;
/*!40101 SET character_set_client = @saved_cs_client */;

--
-- Dumping data for table `specializations`
--

LOCK TABLES `specializations` WRITE;
/*!40000 ALTER TABLE `specializations` DISABLE KEYS */;
INSERT INTO `specializations` VALUES (1,'Егерь','2023-04-17 07:18:20','2023-04-17 07:18:20'),(2,'Автоинструктор','2023-04-17 07:18:20','2023-04-17 07:18:20'),(3,'Сторож','2023-04-17 07:18:20','2023-04-17 07:18:20'),(4,'Психолог','2023-04-17 07:18:20','2023-04-17 07:18:20'),(5,'Гитарный мастер','2023-04-17 07:18:20','2023-04-17 07:18:20'),(6,'Зубной техник','2023-04-17 07:18:20','2023-04-17 07:18:20'),(7,'Физик','2023-04-17 07:18:20','2023-04-17 07:18:20'),(8,'Машинист','2023-04-17 07:18:20','2023-04-17 07:18:20'),(9,'Бизнес-аналитик','2023-04-17 07:18:20','2023-04-17 07:18:20'),(10,'Экономист','2023-04-17 07:18:20','2023-04-17 07:18:20'),(11,'Научный сотрудник','2023-04-17 07:18:20','2023-04-17 07:18:20'),(12,'Герольд','2023-04-17 07:18:20','2023-04-17 07:18:20'),(13,'Кассир','2023-04-17 07:18:20','2023-04-17 07:18:20'),(14,'Бармен','2023-04-17 07:18:20','2023-04-17 07:18:20'),(15,'Пианист','2023-04-17 07:18:20','2023-04-17 07:18:20'),(16,'Менеджер','2023-04-17 07:18:20','2023-04-17 07:18:20'),(17,'Горный проводник','2023-04-17 07:18:20','2023-04-17 07:18:20'),(18,'Ветеринар','2023-04-17 07:18:20','2023-04-17 07:18:20'),(19,'Бухгалтер','2023-04-17 07:18:20','2023-04-17 07:18:20'),(20,'Информационный работник','2023-04-17 07:18:20','2023-04-17 07:18:20'),(21,'Водолаз','2023-04-17 07:18:20','2023-04-17 07:18:20'),(22,'Креативный директор','2023-04-17 07:18:20','2023-04-17 07:18:20'),(23,'Диктор','2023-04-17 07:18:20','2023-04-17 07:18:20'),(24,'Детектив','2023-04-17 07:18:20','2023-04-17 07:18:20'),(25,'Лесоруб','2023-04-17 07:18:20','2023-04-17 07:18:20'),(26,'Технический писатель','2023-04-17 07:18:20','2023-04-17 07:18:20'),(27,'Садовник','2023-04-17 07:18:20','2023-04-17 07:18:20'),(28,'Крупье','2023-04-17 07:18:20','2023-04-17 07:18:20'),(29,'Печник','2023-04-17 07:18:20','2023-04-17 07:18:20'),(30,'Жокей','2023-04-17 07:18:20','2023-04-17 07:18:20');
/*!40000 ALTER TABLE `specializations` ENABLE KEYS */;
UNLOCK TABLES;

--
-- Temporary view structure for view `view_archive`
--

DROP TABLE IF EXISTS `view_archive`;
/*!50001 DROP VIEW IF EXISTS `view_archive`*/;
SET @saved_cs_client     = @@character_set_client;
/*!50503 SET character_set_client = utf8mb4 */;
/*!50001 CREATE VIEW `view_archive` AS SELECT 
 1 AS `id`,
 1 AS `malfunction_id`,
 1 AS `malfunction`,
 1 AS `malfunctions_price`,
 1 AS `workers_id`,
 1 AS `worker`,
 1 AS `specialization`,
 1 AS `cars_id`,
 1 AS `brand`,
 1 AS `state_number`,
 1 AS `date_of_detection`,
 1 AS `date_of_correction`,
 1 AS `client_id`,
 1 AS `client`,
 1 AS `passport`,
 1 AS `is_fixed`,
 1 AS `spare_part_id`,
 1 AS `spare_part`,
 1 AS `spare_part_price`,
 1 AS `price`*/;
SET character_set_client = @saved_cs_client;

--
-- Temporary view structure for view `view_cars`
--

DROP TABLE IF EXISTS `view_cars`;
/*!50001 DROP VIEW IF EXISTS `view_cars`*/;
SET @saved_cs_client     = @@character_set_client;
/*!50503 SET character_set_client = utf8mb4 */;
/*!50001 CREATE VIEW `view_cars` AS SELECT 
 1 AS `id`,
 1 AS `brands_id`,
 1 AS `brand`,
 1 AS `colors_id`,
 1 AS `color`,
 1 AS `year_of_release`,
 1 AS `state_number`,
 1 AS `owner_id`,
 1 AS `owner`,
 1 AS `owner_passport`*/;
SET character_set_client = @saved_cs_client;

--
-- Temporary view structure for view `view_client`
--

DROP TABLE IF EXISTS `view_client`;
/*!50001 DROP VIEW IF EXISTS `view_client`*/;
SET @saved_cs_client     = @@character_set_client;
/*!50503 SET character_set_client = utf8mb4 */;
/*!50001 CREATE VIEW `view_client` AS SELECT 
 1 AS `id`,
 1 AS `full_name`,
 1 AS `passport`,
 1 AS `registration`,
 1 AS `date_of_birth`*/;
SET character_set_client = @saved_cs_client;

--
-- Temporary view structure for view `view_repairs`
--

DROP TABLE IF EXISTS `view_repairs`;
/*!50001 DROP VIEW IF EXISTS `view_repairs`*/;
SET @saved_cs_client     = @@character_set_client;
/*!50503 SET character_set_client = utf8mb4 */;
/*!50001 CREATE VIEW `view_repairs` AS SELECT 
 1 AS `id`,
 1 AS `malfunction_id`,
 1 AS `malfunction`,
 1 AS `malfunctions_price`,
 1 AS `workers_id`,
 1 AS `worker`,
 1 AS `specialization`,
 1 AS `cars_id`,
 1 AS `brand`,
 1 AS `state_number`,
 1 AS `date_of_detection`,
 1 AS `date_of_correction`,
 1 AS `client_id`,
 1 AS `client`,
 1 AS `passport`,
 1 AS `is_fixed`,
 1 AS `spare_part_id`,
 1 AS `spare_part`,
 1 AS `spare_part_price`,
 1 AS `price`*/;
SET character_set_client = @saved_cs_client;

--
-- Temporary view structure for view `view_workers`
--

DROP TABLE IF EXISTS `view_workers`;
/*!50001 DROP VIEW IF EXISTS `view_workers`*/;
SET @saved_cs_client     = @@character_set_client;
/*!50503 SET character_set_client = utf8mb4 */;
/*!50001 CREATE VIEW `view_workers` AS SELECT 
 1 AS `id`,
 1 AS `full_name`,
 1 AS `specialization`,
 1 AS `workers_category`,
 1 AS `experience`*/;
SET character_set_client = @saved_cs_client;

--
-- Table structure for table `workers`
--

DROP TABLE IF EXISTS `workers`;
/*!40101 SET @saved_cs_client     = @@character_set_client */;
/*!50503 SET character_set_client = utf8mb4 */;
CREATE TABLE `workers` (
  `id` int unsigned NOT NULL AUTO_INCREMENT,
  `workers_category` int NOT NULL,
  `experience` int NOT NULL,
  `person_id` int unsigned NOT NULL,
  `specialization_id` int unsigned NOT NULL,
  `created_at` timestamp NULL DEFAULT NULL,
  `updated_at` timestamp NULL DEFAULT NULL,
  `deleted_at` timestamp NULL DEFAULT NULL,
  PRIMARY KEY (`id`),
  KEY `workers_person_id_foreign` (`person_id`),
  KEY `workers_specialization_id_foreign` (`specialization_id`),
  CONSTRAINT `workers_person_id_foreign` FOREIGN KEY (`person_id`) REFERENCES `people` (`id`),
  CONSTRAINT `workers_specialization_id_foreign` FOREIGN KEY (`specialization_id`) REFERENCES `specializations` (`id`)
) ENGINE=InnoDB AUTO_INCREMENT=51 DEFAULT CHARSET=utf8mb4 COLLATE=utf8mb4_unicode_ci;
/*!40101 SET character_set_client = @saved_cs_client */;

--
-- Dumping data for table `workers`
--

LOCK TABLES `workers` WRITE;
/*!40000 ALTER TABLE `workers` DISABLE KEYS */;
INSERT INTO `workers` VALUES (1,3,7,5,27,'2023-04-17 07:18:20','2023-04-17 07:18:20',NULL),(2,3,4,14,7,'2023-04-17 07:18:20','2023-04-17 07:18:20',NULL),(3,1,7,38,9,'2023-04-17 07:18:20','2023-04-17 07:18:20',NULL),(4,3,1,17,16,'2023-04-17 07:18:20','2023-04-17 07:18:20',NULL),(5,3,12,13,5,'2023-04-17 07:18:20','2023-04-17 07:18:20',NULL),(6,4,20,28,6,'2023-04-17 07:18:20','2023-04-17 07:18:20',NULL),(7,2,7,36,22,'2023-04-17 07:18:20','2023-04-17 07:18:20',NULL),(8,5,9,21,23,'2023-04-17 07:18:20','2023-04-17 07:18:20',NULL),(9,3,1,41,17,'2023-04-17 07:18:20','2023-04-17 07:18:20',NULL),(10,5,18,42,10,'2023-04-17 07:18:20','2023-04-17 07:18:20',NULL),(11,4,5,23,30,'2023-04-17 07:18:20','2023-04-17 07:18:20',NULL),(12,5,8,3,28,'2023-04-17 07:18:20','2023-04-17 07:18:20',NULL),(13,1,20,9,28,'2023-04-17 07:18:20','2023-04-17 07:18:20',NULL),(14,3,9,28,21,'2023-04-17 07:18:20','2023-04-17 07:18:20',NULL),(15,1,2,8,24,'2023-04-17 07:18:20','2023-04-17 07:18:20',NULL),(16,2,8,36,27,'2023-04-17 07:18:20','2023-04-17 07:18:20',NULL),(17,1,8,8,10,'2023-04-17 07:18:20','2023-04-17 07:18:20',NULL),(18,5,11,8,12,'2023-04-17 07:18:20','2023-04-17 07:18:20',NULL),(19,2,3,7,16,'2023-04-17 07:18:20','2023-04-17 07:18:20',NULL),(20,2,7,34,26,'2023-04-17 07:18:20','2023-04-17 07:18:20',NULL),(21,1,1,18,25,'2023-04-17 07:18:20','2023-04-17 07:18:20',NULL),(22,1,13,18,10,'2023-04-17 07:18:20','2023-04-17 07:18:20',NULL),(23,1,20,43,26,'2023-04-17 07:18:20','2023-04-17 07:18:20',NULL),(24,1,2,49,8,'2023-04-17 07:18:20','2023-04-17 07:18:20',NULL),(25,4,15,44,16,'2023-04-17 07:18:20','2023-04-17 07:18:20',NULL),(26,4,6,26,24,'2023-04-17 07:18:20','2023-04-17 07:18:20',NULL),(27,1,18,40,20,'2023-04-17 07:18:20','2023-04-17 07:18:20',NULL),(28,1,3,8,3,'2023-04-17 07:18:20','2023-04-17 07:18:20',NULL),(29,5,17,20,2,'2023-04-17 07:18:20','2023-04-17 07:18:20',NULL),(30,1,5,41,23,'2023-04-17 07:18:20','2023-04-17 07:18:20',NULL),(31,5,12,36,28,'2023-04-17 07:18:20','2023-04-17 07:18:20',NULL),(32,1,13,38,14,'2023-04-17 07:18:20','2023-04-17 07:18:20',NULL),(33,4,19,13,15,'2023-04-17 07:18:20','2023-04-17 07:18:20',NULL),(34,4,6,34,12,'2023-04-17 07:18:20','2023-04-17 07:18:20',NULL),(35,3,8,11,30,'2023-04-17 07:18:20','2023-04-17 07:18:20',NULL),(36,1,19,31,28,'2023-04-17 07:18:20','2023-04-17 07:18:20',NULL),(37,3,20,37,17,'2023-04-17 07:18:20','2023-04-17 07:18:20',NULL),(38,1,5,33,2,'2023-04-17 07:18:20','2023-04-17 07:18:20',NULL),(39,1,19,43,21,'2023-04-17 07:18:20','2023-04-17 07:18:20',NULL),(40,5,1,7,24,'2023-04-17 07:18:20','2023-04-17 07:18:20',NULL),(41,4,11,29,30,'2023-04-17 07:18:20','2023-04-17 07:18:20',NULL),(42,2,1,14,25,'2023-04-17 07:18:20','2023-04-17 07:18:20',NULL),(43,4,15,21,17,'2023-04-17 07:18:20','2023-04-17 07:18:20',NULL),(44,5,11,22,28,'2023-04-17 07:18:20','2023-04-17 07:18:20',NULL),(45,1,3,26,26,'2023-04-17 07:18:20','2023-04-17 07:18:20',NULL),(46,2,10,17,25,'2023-04-17 07:18:20','2023-04-17 07:18:20',NULL),(47,3,13,3,13,'2023-04-17 07:18:20','2023-04-17 07:18:20',NULL),(48,1,2,37,8,'2023-04-17 07:18:20','2023-04-17 07:18:20',NULL),(49,2,18,14,17,'2023-04-17 07:18:20','2023-04-17 07:18:20',NULL),(50,5,17,14,20,'2023-04-17 07:18:20','2023-04-17 07:18:20',NULL);
/*!40000 ALTER TABLE `workers` ENABLE KEYS */;
UNLOCK TABLES;

--
-- Dumping routines for database 'db_course_work02_tatsiy'
--
/*!50003 DROP PROCEDURE IF EXISTS `count_by_specialization` */;
/*!50003 SET @saved_cs_client      = @@character_set_client */ ;
/*!50003 SET @saved_cs_results     = @@character_set_results */ ;
/*!50003 SET @saved_col_connection = @@collation_connection */ ;
/*!50003 SET character_set_client  = utf8mb4 */ ;
/*!50003 SET character_set_results = utf8mb4 */ ;
/*!50003 SET collation_connection  = utf8mb4_0900_ai_ci */ ;
/*!50003 SET @saved_sql_mode       = @@sql_mode */ ;
/*!50003 SET sql_mode              = 'ONLY_FULL_GROUP_BY,STRICT_TRANS_TABLES,NO_ZERO_IN_DATE,NO_ZERO_DATE,ERROR_FOR_DIVISION_BY_ZERO,NO_ENGINE_SUBSTITUTION' */ ;
DELIMITER ;;
CREATE DEFINER=`root`@`localhost` PROCEDURE `count_by_specialization`()
begin 
			select 
				specializations.id,
				specializations.name_specialization,
				Count(workers.specialization_id) as count_workers
			from specializations left join workers on workers.specialization_id = specializations.id 
		group by specializations.id, specializations.name_specialization;
end ;;
DELIMITER ;
/*!50003 SET sql_mode              = @saved_sql_mode */ ;
/*!50003 SET character_set_client  = @saved_cs_client */ ;
/*!50003 SET character_set_results = @saved_cs_results */ ;
/*!50003 SET collation_connection  = @saved_col_connection */ ;
/*!50003 DROP PROCEDURE IF EXISTS `find_malfunctions_in_repairs_by_id_car` */;
/*!50003 SET @saved_cs_client      = @@character_set_client */ ;
/*!50003 SET @saved_cs_results     = @@character_set_results */ ;
/*!50003 SET @saved_col_connection = @@collation_connection */ ;
/*!50003 SET character_set_client  = utf8mb4 */ ;
/*!50003 SET character_set_results = utf8mb4 */ ;
/*!50003 SET collation_connection  = utf8mb4_0900_ai_ci */ ;
/*!50003 SET @saved_sql_mode       = @@sql_mode */ ;
/*!50003 SET sql_mode              = 'ONLY_FULL_GROUP_BY,STRICT_TRANS_TABLES,NO_ZERO_IN_DATE,NO_ZERO_DATE,ERROR_FOR_DIVISION_BY_ZERO,NO_ENGINE_SUBSTITUTION' */ ;
DELIMITER ;;
CREATE DEFINER=`root`@`localhost` PROCEDURE `find_malfunctions_in_repairs_by_id_car`(in car int)
begin
        	select 
                malfunction,
                malfunctions_price,
				spare_part,
                spare_part_price
			from view_repairs
			where cars_id = car;
END ;;
DELIMITER ;
/*!50003 SET sql_mode              = @saved_sql_mode */ ;
/*!50003 SET character_set_client  = @saved_cs_client */ ;
/*!50003 SET character_set_results = @saved_cs_results */ ;
/*!50003 SET collation_connection  = @saved_col_connection */ ;
/*!50003 DROP PROCEDURE IF EXISTS `find_max_date_in_repairs_by_id_car` */;
/*!50003 SET @saved_cs_client      = @@character_set_client */ ;
/*!50003 SET @saved_cs_results     = @@character_set_results */ ;
/*!50003 SET @saved_col_connection = @@collation_connection */ ;
/*!50003 SET character_set_client  = utf8mb4 */ ;
/*!50003 SET character_set_results = utf8mb4 */ ;
/*!50003 SET collation_connection  = utf8mb4_0900_ai_ci */ ;
/*!50003 SET @saved_sql_mode       = @@sql_mode */ ;
/*!50003 SET sql_mode              = 'ONLY_FULL_GROUP_BY,STRICT_TRANS_TABLES,NO_ZERO_IN_DATE,NO_ZERO_DATE,ERROR_FOR_DIVISION_BY_ZERO,NO_ENGINE_SUBSTITUTION' */ ;
DELIMITER ;;
CREATE DEFINER=`root`@`localhost` PROCEDURE `find_max_date_in_repairs_by_id_car`(in car int)
begin
        	select 
				max(date_of_correction) as max_date
			from view_repairs
			where cars_id = car;
END ;;
DELIMITER ;
/*!50003 SET sql_mode              = @saved_sql_mode */ ;
/*!50003 SET character_set_client  = @saved_cs_client */ ;
/*!50003 SET character_set_results = @saved_cs_results */ ;
/*!50003 SET collation_connection  = @saved_col_connection */ ;
/*!50003 DROP PROCEDURE IF EXISTS `find_min_date_in_repairs_by_id_car` */;
/*!50003 SET @saved_cs_client      = @@character_set_client */ ;
/*!50003 SET @saved_cs_results     = @@character_set_results */ ;
/*!50003 SET @saved_col_connection = @@collation_connection */ ;
/*!50003 SET character_set_client  = utf8mb4 */ ;
/*!50003 SET character_set_results = utf8mb4 */ ;
/*!50003 SET collation_connection  = utf8mb4_0900_ai_ci */ ;
/*!50003 SET @saved_sql_mode       = @@sql_mode */ ;
/*!50003 SET sql_mode              = 'ONLY_FULL_GROUP_BY,STRICT_TRANS_TABLES,NO_ZERO_IN_DATE,NO_ZERO_DATE,ERROR_FOR_DIVISION_BY_ZERO,NO_ENGINE_SUBSTITUTION' */ ;
DELIMITER ;;
CREATE DEFINER=`root`@`localhost` PROCEDURE `find_min_date_in_repairs_by_id_car`(in car int)
begin
        	select 
				min(date_of_detection) as min_date
			from view_repairs
			where cars_id = car;
END ;;
DELIMITER ;
/*!50003 SET sql_mode              = @saved_sql_mode */ ;
/*!50003 SET character_set_client  = @saved_cs_client */ ;
/*!50003 SET character_set_results = @saved_cs_results */ ;
/*!50003 SET collation_connection  = @saved_col_connection */ ;
/*!50003 DROP PROCEDURE IF EXISTS `free_workers` */;
/*!50003 SET @saved_cs_client      = @@character_set_client */ ;
/*!50003 SET @saved_cs_results     = @@character_set_results */ ;
/*!50003 SET @saved_col_connection = @@collation_connection */ ;
/*!50003 SET character_set_client  = utf8mb4 */ ;
/*!50003 SET character_set_results = utf8mb4 */ ;
/*!50003 SET collation_connection  = utf8mb4_0900_ai_ci */ ;
/*!50003 SET @saved_sql_mode       = @@sql_mode */ ;
/*!50003 SET sql_mode              = 'ONLY_FULL_GROUP_BY,STRICT_TRANS_TABLES,NO_ZERO_IN_DATE,NO_ZERO_DATE,ERROR_FOR_DIVISION_BY_ZERO,NO_ENGINE_SUBSTITUTION' */ ;
DELIMITER ;;
CREATE DEFINER=`root`@`localhost` PROCEDURE `free_workers`()
begin
			select distinct
				workers_id
			from view_repairs;
	end ;;
DELIMITER ;
/*!50003 SET sql_mode              = @saved_sql_mode */ ;
/*!50003 SET character_set_client  = @saved_cs_client */ ;
/*!50003 SET character_set_results = @saved_cs_results */ ;
/*!50003 SET collation_connection  = @saved_col_connection */ ;
/*!50003 DROP PROCEDURE IF EXISTS `malfunction_by_brand` */;
/*!50003 SET @saved_cs_client      = @@character_set_client */ ;
/*!50003 SET @saved_cs_results     = @@character_set_results */ ;
/*!50003 SET @saved_col_connection = @@collation_connection */ ;
/*!50003 SET character_set_client  = utf8mb4 */ ;
/*!50003 SET character_set_results = utf8mb4 */ ;
/*!50003 SET collation_connection  = utf8mb4_0900_ai_ci */ ;
/*!50003 SET @saved_sql_mode       = @@sql_mode */ ;
/*!50003 SET sql_mode              = 'ONLY_FULL_GROUP_BY,STRICT_TRANS_TABLES,NO_ZERO_IN_DATE,NO_ZERO_DATE,ERROR_FOR_DIVISION_BY_ZERO,NO_ENGINE_SUBSTITUTION' */ ;
DELIMITER ;;
CREATE DEFINER=`root`@`localhost` PROCEDURE `malfunction_by_brand`(in id_brand int)
begin
		select 
			malfunctions.name_malfunction,
			Count(Malfunctions.Id) as count_malfunctions
		from repairs join malfunctions on repairs.malfunction_id = malfunctions.id
					 join (cars join brands on cars.brand_id = brands.id) on cars.id = repairs.car_id
		where brands.id = id_brand
		group by malfunctions.name_malfunction
        order by Count(Malfunctions.Id) DESC;
end ;;
DELIMITER ;
/*!50003 SET sql_mode              = @saved_sql_mode */ ;
/*!50003 SET character_set_client  = @saved_cs_client */ ;
/*!50003 SET character_set_results = @saved_cs_results */ ;
/*!50003 SET collation_connection  = @saved_col_connection */ ;
/*!50003 DROP PROCEDURE IF EXISTS `month_report_about_profit` */;
/*!50003 SET @saved_cs_client      = @@character_set_client */ ;
/*!50003 SET @saved_cs_results     = @@character_set_results */ ;
/*!50003 SET @saved_col_connection = @@collation_connection */ ;
/*!50003 SET character_set_client  = utf8mb4 */ ;
/*!50003 SET character_set_results = utf8mb4 */ ;
/*!50003 SET collation_connection  = utf8mb4_0900_ai_ci */ ;
/*!50003 SET @saved_sql_mode       = @@sql_mode */ ;
/*!50003 SET sql_mode              = 'ONLY_FULL_GROUP_BY,STRICT_TRANS_TABLES,NO_ZERO_IN_DATE,NO_ZERO_DATE,ERROR_FOR_DIVISION_BY_ZERO,NO_ENGINE_SUBSTITUTION' */ ;
DELIMITER ;;
CREATE DEFINER=`root`@`localhost` PROCEDURE `month_report_about_profit`(in param_month int)
begin
        select 
				malfunctions.id,
				malfunctions.name_malfunction,
				count(repairs.malfunction_id) as count_repairs,
				malfunctions.price * count(repairs.malfunction_id) as profit
			from malfunctions left join repairs on malfunctions.id = repairs.malfunction_id
			where repairs.is_fixed = 1 and MONTH(repairs.date_of_correction) = param_month
			group by malfunctions.id, malfunctions.name_malfunction, malfunctions.price;
            end ;;
DELIMITER ;
/*!50003 SET sql_mode              = @saved_sql_mode */ ;
/*!50003 SET character_set_client  = @saved_cs_client */ ;
/*!50003 SET character_set_results = @saved_cs_results */ ;
/*!50003 SET collation_connection  = @saved_col_connection */ ;
/*!50003 DROP PROCEDURE IF EXISTS `month_report_about_repairs` */;
/*!50003 SET @saved_cs_client      = @@character_set_client */ ;
/*!50003 SET @saved_cs_results     = @@character_set_results */ ;
/*!50003 SET @saved_col_connection = @@collation_connection */ ;
/*!50003 SET character_set_client  = utf8mb4 */ ;
/*!50003 SET character_set_results = utf8mb4 */ ;
/*!50003 SET collation_connection  = utf8mb4_0900_ai_ci */ ;
/*!50003 SET @saved_sql_mode       = @@sql_mode */ ;
/*!50003 SET sql_mode              = 'ONLY_FULL_GROUP_BY,STRICT_TRANS_TABLES,NO_ZERO_IN_DATE,NO_ZERO_DATE,ERROR_FOR_DIVISION_BY_ZERO,NO_ENGINE_SUBSTITUTION' */ ;
DELIMITER ;;
CREATE DEFINER=`root`@`localhost` PROCEDURE `month_report_about_repairs`(in param_month int)
BEGIN
	select 
    view_cars.id as cars_id,
	view_cars.brand,
	view_cars.state_number,
	repairs.date_of_detection,
	repairs.date_of_correction,
    repairs.is_fixed,
    malfunctions.name_malfunction,
    view_workers.full_name as worker
 from  repairs join malfunctions on repairs.malfunction_id = malfunctions.id
			   join view_workers on repairs.worker_id = view_workers.id
			   join view_cars on repairs.car_id = view_cars.id
 where MONTH(repairs.date_of_correction) = param_month
order by view_cars.id, repairs.date_of_detection,
	repairs.date_of_correction;
END ;;
DELIMITER ;
/*!50003 SET sql_mode              = @saved_sql_mode */ ;
/*!50003 SET character_set_client  = @saved_cs_client */ ;
/*!50003 SET character_set_results = @saved_cs_results */ ;
/*!50003 SET collation_connection  = @saved_col_connection */ ;

--
-- Final view structure for view `view_archive`
--

/*!50001 DROP VIEW IF EXISTS `view_archive`*/;
/*!50001 SET @saved_cs_client          = @@character_set_client */;
/*!50001 SET @saved_cs_results         = @@character_set_results */;
/*!50001 SET @saved_col_connection     = @@collation_connection */;
/*!50001 SET character_set_client      = utf8mb4 */;
/*!50001 SET character_set_results     = utf8mb4 */;
/*!50001 SET collation_connection      = utf8mb4_0900_ai_ci */;
/*!50001 CREATE ALGORITHM=UNDEFINED */
/*!50013 DEFINER=`root`@`localhost` SQL SECURITY DEFINER */
/*!50001 VIEW `view_archive` AS select `repairs`.`id` AS `id`,`malfunctions`.`id` AS `malfunction_id`,`malfunctions`.`name_malfunction` AS `malfunction`,`malfunctions`.`price` AS `malfunctions_price`,`view_workers`.`id` AS `workers_id`,`view_workers`.`full_name` AS `worker`,`view_workers`.`specialization` AS `specialization`,`view_cars`.`id` AS `cars_id`,`view_cars`.`brand` AS `brand`,`view_cars`.`state_number` AS `state_number`,`repairs`.`date_of_detection` AS `date_of_detection`,`repairs`.`date_of_correction` AS `date_of_correction`,`view_client`.`id` AS `client_id`,`view_client`.`full_name` AS `client`,`view_client`.`passport` AS `passport`,`repairs`.`is_fixed` AS `is_fixed`,`spare_parts`.`id` AS `spare_part_id`,`spare_parts`.`name_spare_part` AS `spare_part`,`spare_parts`.`price` AS `spare_part_price`,(`malfunctions`.`price` + `spare_parts`.`price`) AS `price` from (((((`repairs` join `malfunctions` on((`repairs`.`malfunction_id` = `malfunctions`.`id`))) join `view_workers` on((`repairs`.`worker_id` = `view_workers`.`id`))) join `view_cars` on((`repairs`.`car_id` = `view_cars`.`id`))) join `view_client` on((`repairs`.`client_id` = `view_client`.`id`))) join `spare_parts` on((`repairs`.`spare_part_id` = `spare_parts`.`id`))) where (0 <> `repairs`.`is_fixed`) */;
/*!50001 SET character_set_client      = @saved_cs_client */;
/*!50001 SET character_set_results     = @saved_cs_results */;
/*!50001 SET collation_connection      = @saved_col_connection */;

--
-- Final view structure for view `view_cars`
--

/*!50001 DROP VIEW IF EXISTS `view_cars`*/;
/*!50001 SET @saved_cs_client          = @@character_set_client */;
/*!50001 SET @saved_cs_results         = @@character_set_results */;
/*!50001 SET @saved_col_connection     = @@collation_connection */;
/*!50001 SET character_set_client      = utf8mb4 */;
/*!50001 SET character_set_results     = utf8mb4 */;
/*!50001 SET collation_connection      = utf8mb4_0900_ai_ci */;
/*!50001 CREATE ALGORITHM=UNDEFINED */
/*!50013 DEFINER=`root`@`localhost` SQL SECURITY DEFINER */
/*!50001 VIEW `view_cars` AS select `cars`.`id` AS `id`,`brands`.`id` AS `brands_id`,`brands`.`name_brand` AS `brand`,`colors`.`id` AS `colors_id`,`colors`.`name_color` AS `color`,`cars`.`year_of_release` AS `year_of_release`,`cars`.`state_number` AS `state_number`,`view_client`.`id` AS `owner_id`,`view_client`.`full_name` AS `owner`,`view_client`.`passport` AS `owner_passport` from (((`cars` join `brands` on((`cars`.`brand_id` = `brands`.`id`))) join `colors` on((`cars`.`color_id` = `colors`.`id`))) join `view_client` on((`cars`.`client_id` = `view_client`.`id`))) */;
/*!50001 SET character_set_client      = @saved_cs_client */;
/*!50001 SET character_set_results     = @saved_cs_results */;
/*!50001 SET collation_connection      = @saved_col_connection */;

--
-- Final view structure for view `view_client`
--

/*!50001 DROP VIEW IF EXISTS `view_client`*/;
/*!50001 SET @saved_cs_client          = @@character_set_client */;
/*!50001 SET @saved_cs_results         = @@character_set_results */;
/*!50001 SET @saved_col_connection     = @@collation_connection */;
/*!50001 SET character_set_client      = utf8mb4 */;
/*!50001 SET character_set_results     = utf8mb4 */;
/*!50001 SET collation_connection      = utf8mb4_0900_ai_ci */;
/*!50001 CREATE ALGORITHM=UNDEFINED */
/*!50013 DEFINER=`root`@`localhost` SQL SECURITY DEFINER */
/*!50001 VIEW `view_client` AS select `clients`.`id` AS `id`,concat(`people`.`surname`,' ',`people`.`name`,' ',`people`.`patronymic`) AS `full_name`,`clients`.`passport` AS `passport`,`clients`.`registration` AS `registration`,`clients`.`date_of_birth` AS `date_of_birth` from (`clients` join `people` on((`clients`.`person_id` = `people`.`id`))) */;
/*!50001 SET character_set_client      = @saved_cs_client */;
/*!50001 SET character_set_results     = @saved_cs_results */;
/*!50001 SET collation_connection      = @saved_col_connection */;

--
-- Final view structure for view `view_repairs`
--

/*!50001 DROP VIEW IF EXISTS `view_repairs`*/;
/*!50001 SET @saved_cs_client          = @@character_set_client */;
/*!50001 SET @saved_cs_results         = @@character_set_results */;
/*!50001 SET @saved_col_connection     = @@collation_connection */;
/*!50001 SET character_set_client      = utf8mb4 */;
/*!50001 SET character_set_results     = utf8mb4 */;
/*!50001 SET collation_connection      = utf8mb4_0900_ai_ci */;
/*!50001 CREATE ALGORITHM=UNDEFINED */
/*!50013 DEFINER=`root`@`localhost` SQL SECURITY DEFINER */
/*!50001 VIEW `view_repairs` AS select `repairs`.`id` AS `id`,`malfunctions`.`id` AS `malfunction_id`,`malfunctions`.`name_malfunction` AS `malfunction`,`malfunctions`.`price` AS `malfunctions_price`,`view_workers`.`id` AS `workers_id`,`view_workers`.`full_name` AS `worker`,`view_workers`.`specialization` AS `specialization`,`view_cars`.`id` AS `cars_id`,`view_cars`.`brand` AS `brand`,`view_cars`.`state_number` AS `state_number`,`repairs`.`date_of_detection` AS `date_of_detection`,`repairs`.`date_of_correction` AS `date_of_correction`,`view_client`.`id` AS `client_id`,`view_client`.`full_name` AS `client`,`view_client`.`passport` AS `passport`,`repairs`.`is_fixed` AS `is_fixed`,`spare_parts`.`id` AS `spare_part_id`,`spare_parts`.`name_spare_part` AS `spare_part`,`spare_parts`.`price` AS `spare_part_price`,(`malfunctions`.`price` + `spare_parts`.`price`) AS `price` from (((((`repairs` join `malfunctions` on((`repairs`.`malfunction_id` = `malfunctions`.`id`))) join `view_workers` on((`repairs`.`worker_id` = `view_workers`.`id`))) join `view_cars` on((`repairs`.`car_id` = `view_cars`.`id`))) join `view_client` on((`repairs`.`client_id` = `view_client`.`id`))) join `spare_parts` on((`repairs`.`spare_part_id` = `spare_parts`.`id`))) where ((`repairs`.`date_of_correction` >= curdate()) and (`repairs`.`is_fixed` = 0)) */;
/*!50001 SET character_set_client      = @saved_cs_client */;
/*!50001 SET character_set_results     = @saved_cs_results */;
/*!50001 SET collation_connection      = @saved_col_connection */;

--
-- Final view structure for view `view_workers`
--

/*!50001 DROP VIEW IF EXISTS `view_workers`*/;
/*!50001 SET @saved_cs_client          = @@character_set_client */;
/*!50001 SET @saved_cs_results         = @@character_set_results */;
/*!50001 SET @saved_col_connection     = @@collation_connection */;
/*!50001 SET character_set_client      = utf8mb4 */;
/*!50001 SET character_set_results     = utf8mb4 */;
/*!50001 SET collation_connection      = utf8mb4_0900_ai_ci */;
/*!50001 CREATE ALGORITHM=UNDEFINED */
/*!50013 DEFINER=`root`@`localhost` SQL SECURITY DEFINER */
/*!50001 VIEW `view_workers` AS select `workers`.`id` AS `id`,concat(`people`.`surname`,' ',`people`.`name`,' ',`people`.`patronymic`) AS `full_name`,`specializations`.`name_specialization` AS `specialization`,`workers`.`workers_category` AS `workers_category`,`workers`.`experience` AS `experience` from ((`workers` join `people` on((`workers`.`person_id` = `people`.`id`))) join `specializations` on((`workers`.`specialization_id` = `specializations`.`id`))) */;
/*!50001 SET character_set_client      = @saved_cs_client */;
/*!50001 SET character_set_results     = @saved_cs_results */;
/*!50001 SET collation_connection      = @saved_col_connection */;
/*!40103 SET TIME_ZONE=@OLD_TIME_ZONE */;

/*!40101 SET SQL_MODE=@OLD_SQL_MODE */;
/*!40014 SET FOREIGN_KEY_CHECKS=@OLD_FOREIGN_KEY_CHECKS */;
/*!40014 SET UNIQUE_CHECKS=@OLD_UNIQUE_CHECKS */;
/*!40101 SET CHARACTER_SET_CLIENT=@OLD_CHARACTER_SET_CLIENT */;
/*!40101 SET CHARACTER_SET_RESULTS=@OLD_CHARACTER_SET_RESULTS */;
/*!40101 SET COLLATION_CONNECTION=@OLD_COLLATION_CONNECTION */;
/*!40111 SET SQL_NOTES=@OLD_SQL_NOTES */;

-- Dump completed on 2023-04-17 19:44:56
